Comment,Label
"khi ngÆ°á»i ta nÃ³i nhÃ³m nÃ y tan rÃ£ thÃ¬ tÃ´i má»›i biáº¿t Ä‘áº¿n há», cÃ´ng nháº­n nháº¡c hay, ráº¥t Ä‘á»i thÆ°á»ng",Good
Ráº¥t cuá»‘n,Good
quÃ¡ cháº¥t,Good
"MÃ¬nh khÃ´ng pháº£i lÃ  fan cá»§a CHH chá»‰ lÃ  mÃ¬nh Ä‘Ã£ cÃ³ má»™t thá»i gian yÃªu Ä‘Æ°Æ¡ng khÃ¡ ngáº¯n nhÆ°ng cÅ©ng ráº¥t Ä‘áº¹p vá»›i má»™t cÃ´ gÃ¡i tháº­t tuyá»‡t vá»i. CÃ´ áº¥y lÃ  má»™t big fan cá»§a nhÃ³m vÃ  cÅ©ng cháº³ng biáº¿t khi nÃ o mÃ¬nh cÅ©ng thÃ­ch giai Ä‘iá»‡u nhÃ³m mang láº¡i. 
MÃ¬nh Ä‘Ã£ muá»‘n táº·ng cÃ´ áº¥y má»™t chiáº¿c cd cá»§a nhÃ³m vÃ o ngÃ y sinh nháº­t nhÆ°ng mÃ  tiáº¿c quÃ¡ láº¡i cháº³ng Ä‘á»“ng hÃ nh Ä‘c Ä‘áº¿n lÃºc Ä‘Ã³. Äáº¿n bÃ¢y h nghe láº¡i mÃ¬nh tháº­t sá»± ráº¥t sá»£, sá»£ ná»—i buá»“n sá»£ nhá»¯ng Ä‘iá»u Ä‘Ã£ qua láº¡i hiá»‡n vá» lÃ m mÃ¬nh cháº³ng cÃ²n Ä‘á»§ sá»©c gÆ°á»£ng dáº­y. 
Cáº£m Æ¡n em vÃ  Ã¢m nháº¡c cá»§a cÃ¡c anh dÃ¹ ngáº¯n nhÆ°ng tháº­t sá»± Ä‘Ã£ lÃ  mÃ¬nh nhá»› mÃ£i nhá»¯ng ká»· niá»‡m cÃ¹ng ca tá»« Ä‘áº¹p Ä‘áº½ nÃ y.",Good
Nghe hay nhÆ°ng t ko hiá»ƒu lá»i bÃ i hÃ¡t cho láº¯m ai giáº£i thÃ­ch giÃ¹m mÃ¬nh vá»›i,Good
"MÃ¬nh nghe bÃ i nÃ y nÄƒm mÃ¬nh 17t, giá» quay láº¡i má»›i biáº¿t nÄƒm mÃ¬nh nghe chÃ­nh lÃ  nÄƒm mÃ  bÃ i 5am phÃ¡t hÃ nh. ThÃ­ch bÃ i nÃ y vÃ¬ cÃ³ con mÃ¨o.",Good
Ã”i bÃ i hÃ¡t lÃ m mÃ¬nh nhá»› hÃ´m láº§n cuá»‘i cÃ¹ng bÆ°á»›c ra khá»i cÄƒn phÃ²ng bao nhiÃªu ká»‰ niá»‡m cá»§a ngÆ°á»i Ä‘Ã³ ğŸ˜¢,Good
MÃª vÃ£i,Good
Äiá»‡u nháº£y ráº¥t Ä‘áº·c biá»‡t. Cá»±c cuá»‘n hÃºt.,Good
Giá» nghe láº¡i váº«n tháº¥y hay áº¡,Good
"BÃ i hÃ¡t Ä‘Æ°a mÃ¬nh Ä‘áº¿n CÃ¡ Há»“i Hoang vÃ  trá»Ÿ thÃ nh fan 4 nÄƒm, cÅ©ng lÃ  bÃ i hÃ¡t káº¿t thÃºc chuyáº¿n hÃ nh trÃ¬nh lÃ m nháº¡c nÃ y cá»§a band. Báº£n nÃ y nghe live so vá»›i báº£n thu lÃºc nÃ o cÅ©ng nÄƒng ná»• hÆ¡n, nhiá»‡t huyáº¿t hÆ¡n vÃ  má»™t cáº£m giÃ¡c mÃ¬nh sáº½ khÃ´ng bao giá» cÃ³ láº¡i láº§n nÃ o ná»¯a. CÃ³ ai nhÆ° mÃ¬nh khÃ´ng, theo band Ä‘áº¿n tá»«ng cÃ¡i live, nghe mÃ£i bÃ i nÃ y khÃ´ng chÃ¡n, Ä‘á»ƒ rá»“i cá»© lá»¥y mÃ£i láº§n cuá»‘i nghe á»Ÿ sÃ¢n kháº¥u Lan Anh táº¡i Tour cuá»‘i. Cáº£m Æ¡n CÃ¡ Há»“i Hoang nhiá»u láº¯m.",Good
"NgÆ°á»i ta thÆ°á»ng nÃ³i má»—i giai Ä‘iá»‡u Ä‘á»u gáº¯n liá»n má»›i má»—i kÃ½ á»©c, giai Ä‘iá»‡u áº¥y cáº¥t lÃªn cÅ©ng lÃ  lÃºc cáº£m xÃºc vá» má»™t thá»i Ä‘Ã£ qua láº¡i quay vá», mÃ¬nh cÅ©ng cÃ³ thá»© cáº£m xÃºc áº¥y khi nghe bÃ i nÃ y, mÃ´i sÃ¡ng mÃ¬nh Ä‘á»u dáº­y sá»›m vÃ  báº­t bÃ i nÃ y, chuáº©n bá»‹ má»i thá»© Ä‘á»ƒ Ä‘i há»c, lÃºc áº¥y váº«ng vui váº» vá»«a nháº©y vá»«a hÃ¡t theo tá»«ng giai Ä‘iá»‡u, nhÆ°ng sao bÃ¢y giá» má»—i láº§n nghe mÃ¬nh láº¡i tháº¥y lÃ¢ng lÃ¢ng nhá»› nhung thá»© cáº£m xÃºc mÃ  cÃ³ láº½ sáº½ khÃ´ng cÃ²n quay láº¡i áº¥y, tuá»•i mÃ¬nh cÃ²n vÃ´ tÆ° cháº³ng cÃ³ sá»©c náº·ng cá»§a cuá»™c sá»‘ng, cáº£m Æ¡n nhÃ³m Ä‘Ã£ gáº¯n liá»n vá»›i ""cáº£m xÃºc"" cá»§a mÃ¬nh vÃ  nhiá»u ngÆ°á»i khÃ¡c â¤",Good
bao nhiÃªu nÄƒm r váº«n thÃ­ch nhÆ° ngÃ y Ä‘áº§u nghe v,Good
"ÄÃ¢y lÃ  bÃ i hÃ¡t cuá»‘i mÃ¬nh nghe á»Ÿ cuá»‘i show táº¡i SÃ i GÃ²n, .. Ä‘áº§y cáº£m xÃºc, bÃ i hÃ¡t nÃ y báº¡n gÃ¡i mÃ¬nh ráº¥t thÃ­ch, khi giai Ä‘iá»‡u nÃ³ vá»«a lÃªn cÃ´ áº¥y vui láº¯m, lÃºc Ä‘Ã³ mÃ¬nh Ä‘Ã£ ná»•i da gÃ  luÃ´n , Ä‘á»©ng dáº­y, nháº£y theo má»i ngÆ°á»i ^^~, Ä‘Ã³ cÅ©ng lÃ  láº§n Ä‘áº§u tiÃªn mÃ¬nh xem show diá»…n cá»§a CÃ¡ Há»“i Hoang vÃ  Ä‘Ã³ cÅ©ng lÃ  láº§n cuá»‘i cÃ¹ng
.. Good luck guys! MÃ£i nhá»›!",Good
CÃ¡m Æ¡n cÃ¡c anh,Good
"Cáº£m Æ¡n CÃ¡ Há»“i Hoang, biáº¿t Ä‘áº¿n nhÃ³m vÃ o mÃ¹a World Cup 2018, Ä‘áº¿n giá» cÅ©ng 5 nÄƒm rá»“i.",Good
Sáº½ mÃ£i nhá»› cÃ¡c anh ráº¥t nhiá»u. CÃ¡ Há»“i Hoang sáº½ luÃ´n trong tim mÃ¬nh ,Good
"Cháº­c, cháº¯c pháº£i chuáº©n bá»‹ khÄƒn giáº¥y hÃ´m Ä‘i concert. BÃ¬nh thÆ°á»ng nghe 5AM Ä‘Ã£ luÃ´n tháº¥y lÃ²ng mÃ¬nh thá»•n thá»©c, vÃ  mÃ¬nh nghÄ© mÃ¬nh sáº½ báº­t khÃ³c trong khoáº£nh kháº¯c mÃ¬nh á»Ÿ show, nháº­n ra mÃ¬nh Ä‘ang nghe live 5AM láº§n Ä‘áº§u tiÃªn vÃ  cÅ©ng lÃ  láº§n sau cuá»‘i. 
Cáº£m Æ¡n cÃ¡c anh vÃ¬ nhá»¯ng giai Ä‘iá»‡u, nhá»¯ng rung cáº£m, nhá»¯ng khoáº£nh kháº¯c vÃ  nhá»¯ng sá»± á»§i an.",Good
"BÃ¢y giá» má»›i lÃ  lÃºc mÃ¬nh ngá»“i tua láº¡i nhá»¯ng gÃ¬ Ä‘Ã£ qua tá»« khi mÃ¬nh báº¯t Ä‘áº§u Ä‘u nháº¡c CÃ¡. CÅ©ng 5 nÄƒm trÃ´i qua rá»“i, vá»›i bao ká»· niá»‡m cá»§a mÃ¬nh gáº¯n liá»n vá»›i nháº¡c CÃ¡, cÅ©ng lÃ  nhá»¯ng láº§n Ä‘i tÃ¬m vÃ© fx, Há»™i muá»‘n lÃ²i máº¯t ra, vÃ  cÅ©ng lÃ  nhá»¯ng láº§n Ä‘á» xuáº¥t má»i CÃ¡ vá» cho concert cá»§a chÃºng mÃ¬nh nhÆ°ng khÃ´ng thÃ nh cÃ´ng vÃ¬ Covid, hay nhá»¯ng láº§n lá»¡ háº¹n,.... cÃ²n vÃ´ vÃ n nhá»¯ng thá»© linh ta linh tinh khÃ¡c ná»¯a Ä‘Ã£ trá»Ÿ nÃªn tháº­t Ä‘áº¹p biáº¿t bao. MÃ¬nh thá»±c sá»± má»«ng vÃ¬ chÃºng ta cÃ²n ngá»“i Ä‘Ã¢y Ä‘á»ƒ nhÃ¬n láº¡i cháº·ng Ä‘Æ°á»ng Ä‘Ã£ qua, tuor cuá»‘i cÃ¹ng mÃ¬nh cÅ©ng Ä‘Ã£ lá»¡ vÃ¬ quÃ¡ nhiá»u thá»© vÃ¢y láº¥y mÃ¬nh lÃºc nÃ y, nhÆ°ng Ã­t nháº¥t váº«n cÃ²n nhá»¯ng track cá»§a CÃ¡ á»Ÿ Ä‘Ã¢y vá»›i mÃ¬nh. Cáº£m Æ¡n CHH vÃ¬ cháº·ng Ä‘Æ°á»ng Ä‘Ã£ qua, chÃºc anh ThÃ nh, anh Ming sáº½ thÃ nh cÃ´ng hÆ¡n trÃªn con Ä‘Æ°á»ng sáº¯p tá»›i.",Good
Táº¡m biá»‡t vÃ  cáº£m Æ¡n CÃ¡ Há»“i Hoang.,Good
"cáº£m Æ¡n CHH Ä‘Ã£ Ä‘em Ä‘áº¿n giai Ä‘iá»‡u nÃ y, tá»«ng giÃ¢y phÃºt Ã¢m thanh cá»§a bÃ i hÃ¡t cáº¥t lÃªn luÃ´n lÃ m mÃ¬nh luÃ´n bá»“i há»“i Ä‘áº¿n láº¡. háº¹n gáº·p CHH á»Ÿ má»™t hÃ nh trÃ¬nh khÃ¡c.",Good
"""Táº§ng thÆ°á»£ng 102"" lÃ  bÃ i hÃ¡t áº¥n tÆ°á»£ng nháº¥t khi láº§n Ä‘áº§u mÃ¬nh biáº¿t Ä‘áº¿n band qua show KhÃ´ng cay khÃ´ng vá»
""5am"" lÃ  bÃ i mÃ¬nh replay liÃªn tá»¥c vÃ  nghe live tháº­t sá»± chÃ¡y
""CÃ³ thá»ƒ"" lÃ m mÃ¬nh nhá»› láº¡i Ä‘Ãªm giao thá»«a mÆ°a bÃ£o Ä‘á»©ng chá» á»Ÿ quÃ¡n cafe Ä‘á»ƒ ká»‹p vá» nhÃ  Ä‘Ã³n nÄƒm má»›i
""Bandamusical"" lÃ  bÃ i hÃ¡t Ä‘á»ƒ láº¡i nhiá»u hoÃ i niá»‡m
VÃ  cÃ²n ráº¥t nhiá»u bÃ i hÃ¡t ná»¯a, CÃ¡ há»“i hoang lÃ  cÃ¡i gÃ¬ Ä‘áº¥y mÃ£i mÃ£i, trong mÃ¬nh. Cáº£m Æ¡n band ráº¥t nhiá»u. Tháº­t vui nhÆ° lÃºc ban Ä‘áº§u ta gáº·p nhau...",Good
"BÃ i hÃ¡t cá»§a nhÃ³m mÃ  mÃ¬nh yÃªu thÃ­ch nháº¥t tá»« trÆ°á»›c Ä‘áº¿n giá», nháº¡c cá»§a CHH Ä‘Ã£ chá»¯a lÃ nh cho mÃ¬nh ráº¥t nhiá»u, chÃºc cÃ¡c anh thÃ nh cÃ´ng trÃªn con Ä‘Æ°á»ng mÃ  mÃ¬nh chá»n.â¤",Good
"cáº£m Æ¡n vÃ  táº¡m biá»‡t CHH, mong má»™t ngÃ y khÃ´ng xa sáº½ trá»Ÿ láº¡i",Good
"BÃ i hÃ¡t Ä‘áº§u tiÃªn mÃ¬nh nghe cá»§a CHH, chÆ°a bao giá» ngá»«ng cáº£m xÃºc khi nghe bÃ i nÃ y, vÃ  chÆ°a tá»«ng ngá»«ng khÃ³c khi nghe live, he he cáº£m Æ¡n CHH vÃ¬ tuá»•i tráº» nÃ y.",Good
Cáº£m Æ¡n CÃ¡ Há»“i Hoang vÃ¬ má»™t cháº·ng Ä‘Æ°á»ng Ä‘Ã£ gáº¯n bÃ³ cÃ¹ng mÃ¬nh. ChÃºc cÃ¡c anh thÃ nh cÃ´ng trÃªn con Ä‘Æ°á»ng mÃ  mÃ¬nh Ä‘Ã£ chá»n lá»±a,Good
Em tháº­t sá»± thÃ­ch cÃ¡ch cÃ¡c anh nhÃºn nháº£y khi Ä‘Æ°á»£c Ä‘áº¯m chÃ¬m trong Ã¢m nháº¡c cá»§a mÃ¬nh,Good
a vocal cute ghÃª :)))),Good
BÃ i nÃ y hay tháº­t. Há»“i Ä‘Ã³ nghe lÃ  mÃºn hÃ¡t theo vÃ£i lun. NhÆ°ng há»“i Ä‘Ã³ kiá»ƒu style Ä‘á»“ bá»‹ chÃª quÃ¡. Chá»› nháº¡c bÃ i ni ok,Good
"Biáº¿t Ä‘áº¿n CHH cÅ©ng qua bÃ i nÃ y, nhÆ°ng cháº·ng Ä‘Æ°á»ng vá» sau khÃ´ng cÃ²n anh Äáº¡t ná»¯a, thá»±c sá»± ráº¥t cÃ¡m Æ¡n anh...",Good
BÃ i nÃ y Ä‘á»‰nh cá»§a chop trong sá»± nghiá»‡p ca hÃ¡t cá»§a ChiPu,Good
sao mÃ¬nh tháº¥y hay nhá»‰,Good
"""Tá»± Do"" vá»›i ""5AM"" cÃ³ kiá»ƒu lÃ m MV giá»‘ng nhau khÃ¡c tÃ´ng mÃ u thÃ´i, nhÃ¬n cÅ©ng hay :D",Good
Äá»‰nh cá»§a Ä‘á»‰nh,Good
"Ä‘Ã¢y lÃ  má»™t kiá»‡t tÃ¡c cá»§a Ã¢m nháº¡c tÃ´i ráº¥t thÃ­ch nÃ³ , nÃ³ mang láº¡i sá»± vui váº» tÃ­ch cá»±c cá»§a má»™t buá»•i sÃ¡ng . NÃ³ chá»‰ lÃ  cáº£m nháº­n riÃªng cá»§a tÃ´i....nÃ³ tháº­t sá»± ráº¥t tuyá»‡t",Good
BÃ i nÃ y nghiá»n tá»« lÃºc má»›i ra máº¯t :)))),Good
QuÃ¡ hay Chi Pu Æ¡i chÃºc má»«ng chá»‹ â¤ï¸ lun theo doi du an sáº¯p tá»›i cá»§a chá»‹ ğŸ’• Cá»‘ lÃªn PuPu,Good
"YÃªu tá»« láº§n nghe Ä‘áº§u tiÃªn, hay tháº­t sá»±",Good
nghe Ä‘i nghe láº¡i bao láº§n váº«n tháº¥y dá»… vÃ o dá»… tháº¥m lá»i bÃ i hÃ¡t.,Good
Nháº¡c hay quÃ¡,Good
chuÃ´ng bÃ¡o thá»©c tuyá»‡t vá»i,Good
Äáº¿n giá» váº«n cÃ²n nghe.,Good
"CÃ´ng nháº­n xem nhá»¯ng MV Ã¢m nháº¡c cá»§a ChiPu mÃ¬nh tháº¥y ChiPu cÃ³ tÆ° duy xÃ¢y dá»±ng MV ráº¥t má»›i máº» vÃ  lÃ´i cuá»‘n, vÃ´ cÃ¹ng thÃ´ng minh vÃ  chuyÃªn nghiá»‡p, Ä‘áº·c biá»‡t lÃ  ráº¥t biáº¿t cÃ¡ch váº­n dá»¥ng tháº¿ máº¡nh cá»§a báº£n thÃ¢n lÃ  nháº£y vÃ  trÃ¬nh diá»…n sÃ¢n kháº¥u ğŸ’“ I love you so much",Good
Ã‚m nháº¡c vÄƒn minh quÃ¡,Good
Hic nháº¡c cá»§a Chi Pu má»—i láº§n nghe láº¡i láº¡i tháº¥y ráº¥t xÃºc Ä‘á»™ng sao hay Ä‘áº¿n váº­y áº¡... nhÆ° Ä‘i trÆ°á»›c thá»i Ä‘áº¡i váº­y,Good
ráº¥t hay,Good
Ãª bÃ i nÃ y hay pháº¿t Ä‘áº¥y=)),Good
KhÃºc cuá»‘i nháº£y Ä‘Ã£ quÃ¡ trá»i,Good
ráº¥t hoÃ n háº£o,Good
bÃ i hÃ¡t Ä‘áº¹p ! nice song,Good
"Máº¥t 5 nÄƒm Ä‘á»ƒ quay láº¡i Ä‘Ã¢y bÃ¬nh luáº­n =))) bÃ i hÃ¡t Ä‘á»‰nh vkl ra, cháº·t Ä‘áº¹p khá»‘i bÃ i bÃ¢y giá»",Good
:))))nghe cuá»‘n,Good
Nghe phÃª tháº­t,Good
Bao nÄƒm váº«n náº±m top 3 bÃ i hay nháº¥t cá»§a Chi Pu trong lÃ²ng mÃ¬nh cÃ¹ng vá»›i Chá»‰ ta biáº¿t thÃ´i vÃ  Má»i anh vÃ o tim em,Good
"BÃ i hÃ¡t nÃ y lÃ m mÃ¬nh nhá»› nhá»¯ng ngÃ y váº«n cÃ²n á»Ÿ trá» trÃªn thÃ nh phá»‘. Trong má»™t buá»•i tá»‘i xáº¥u trá»i mÃ¬nh chá»£t nhá»› nhÃ  Ä‘áº¿n buá»‘t, cÅ©ng vá»™i ngá»“i dáº­y rá»“i lá» má» Ä‘i tá»« cÄƒn gÃ¡c xáº¿p bÆ°á»›c xuá»‘ng Ä‘áº¥t, láº£o Ä‘áº£o tÃ¬m chÃ¬a khoÃ¡ xe, rá»“i cáº£ vÃ­ tiá»n vÃ  Ä‘á»“ng há»“ ná»¯a. Cháº¡y xe vá» Ä‘áº¿n nhÃ  lÃ  vá»«a Ä‘Ãºng 4 giá» 59 phÃºt. Cáº£m Æ¡n CÃ¡ Há»“i Hoang.",Good
DÃ¹ má»i ngÆ°á»i cÃ³ nÃ³i j mÃ¬nh váº«n tháº¥y nháº¡c ChiPu nghe hay :))),Good
BÃ i hÃ¡t nÃ y cute quÃ¡ áº¡. MÃ  tá»›i giá» em má»›i biáº¿t :((((( nháº¡c chill nghe Ä‘Ã£ tai dÃ£ man :333. CÃ¡c anh tháº­t tuyá»‡ttttt,Good
"quÃ¡ hay,quÃ¡ xuáº¥t xáº¯c",Good
Giá» má»›i biáº¿t bÃ i hÃ¡t hay nhÆ° nÃ y ğŸ¥º,Good
Bh mÃ¬nh má»›i nghe bÃ i hÃ¡t hay tháº¿ nÃ y nhá»‰,Good
"Äá»‰nh cao cá»§a loáº¡i Ã¢m nháº¡c gÃ¬ Ä‘Ã¢y, tuyá»‡t vá»i",Good
"mÃ¬nh báº¯t Ä‘áº§u nghe nháº¡c cá»§a band vÃ¬ tháº§m thÆ°Æ¡ng má»™t ngÆ°á»i lÃ  fan cá»©ng cá»§a band. dÃ¹ giá» cháº¯c em áº¥y Ä‘Ã£ cÃ³ háº¡nh phÃºc cá»§a báº£n thÃ¢n, nhÆ°ng mÃ¬nh váº«n muá»‘n cáº£m Æ¡n em tháº­t nhiá»u vÃ¬ Ä‘Ã£ Ä‘Æ°a mÃ¬nh tá»›i CÃ¡ Há»“i Hoang ^^ nháº¡c hay tháº¿ nÃ y ai chÆ¡i láº¡i Ä‘Ã¢y háº£aaaaa",Good
Nháº¡c quÃ¡ hay,Good
"khÃºc guitar dáº¡o Ä‘áº§u nghe tháº­t thÃ­ch quÃ¡, cÃ¡m Æ¡n CHH nhÃ©!",Good
Nháº¡c hay vÃ£i,Good
Ã‚m nháº¡c sÃ´i ná»•i,Good
nghe láº¡i váº«n chill,Good
Anh hÃ¡t hay ... VÃ  phong cÃ¡ch trÃ¬nh diá»…n tá»± nhiÃªn ... Ráº¥t thÃ­ch ...,Good
yÃªu tá»« láº§n nghe Ä‘áº§u,Good
hay,Good
MÃ¬nh ráº¥t thÃ­ch nháº¡c cá»§a CÃ¡ Há»“i Hoang. NÃ³ Ä‘em láº¡i cho mÃ¬nh cÃ¡i vibe cá»§a nhÆ°ng nÄƒm 90s 2000s...,Good
"Nghe láº§n 1 tháº¥y láº¡, nghe nhiá»u láº§n tháº¥y hay, nghe nhiá»u láº§n ná»¯a tháº¥y nghiá»‡n 
Nháº¡c cá»§a CÃ¡ Há»“i Hoang ráº¥t sÃ´i ná»•i, nhiá»u suy tÆ°, tá»± do & cÃ´ Ä‘Æ¡n  
CÃ¡m Æ¡n cÃ¡c báº¡n Ä‘Ã£ mang phong cÃ¡ch Ã¢m nháº¡c nÃ y Ä‘áº¿n vá»›i má»i ngÆ°á»i. Nghe nháº¡c cá»§a cÃ¡c báº¡n mÃ¬nh tháº¥y ráº¥t vui vÃ  biáº¿t Æ¡n",Good
"Nghe bÃ i nÃ y trong má»™t tiá»‡m quáº§n Ã¡o, pháº£i quay qua há»i báº¡n nhÃ¢n viÃªn bÃ i nÃ y tÃªn gÃ¬. ThÃ­ch dá»… sá»£",Good
vÃ´ tÃ¬nh phÃ¡t hiá»‡n ngÃ y nÃ o cÅ©ng nghe luÃ´n.,Good
Váº«n hay nhÆ° ngÃ y nÃ o !!!,Good
Nháº¡c ráº¥t hay! CÃ¡m Æ¡n!,Good
thÃ­ch 2 Ä‘Ã¡nh guitar Ä‘iá»‡n,Good
haha a Ming quáº©y sung quÃ¡,Good
"ChuyÃªn ThÄƒng Long - ÄÃ  Láº¡t
Tá»± hÃ o vÃ£iiiii ğŸ˜ŠğŸ˜Š",Good
BÃ i nÃ y hay cá»±c aaaaaaa . I luv CÃ¡ Há»“i Hoang,Good
Nghe chá»¥c láº§n cá»© pháº£i thÃ­ch bÃ i nÃ y nháº¥t áº¡!,Good
Hay wa may anh uiii,Good
bÃ i nÃ y Bass hay quÃ¡ ! Nghe quoÃ i váº«n thÃ­ch Bass nháº¥t ! Táº¥t nhiÃªn lÃ  3 báº¡n cÃ²n láº¡i cÅ©ng ráº¥t hay :),Good
mÃ¬nh dáº§n dáº§n nghiá»‡n nÃ³ rá»“i vÃ  cáº£ TT102 ná»¯a. Thá»±c sá»± ráº¥t tuyá»‡t.,Good
hay quÃ¡  zo zo zo zo,Good
quÃ¡ má»‡t má»i cuá»™c sá»‘ng hiá»‡n táº¡i muá»‘n rá»i xa khá»i cuá»™c sá»‘ng rá»™n nhá»‹p nÃ y vá» vá»›i cuá»™c sá»‘ng tá»± do khÃ´ng suy nghÄ© vá» tÆ°Æ¡ng lai.Chá»‰ muá»‘n má»™t bÃ¬nh yÃªn vá»›i cá»‘c cÃ  phÃª sÃ¡ng ngáº¯m trá»i ngáº¯m Ä‘áº¥t sau khi thá»©c dáº­y.Táº­n hÆ°á»Ÿng nhá»¯ng cÃ¡i láº¡nh vui Ä‘Ã¹a cÃ¹ng chÃº chÃ³ vÃ  hoÃ  mÃ¬nh vÃ o nhá»¯ng bÃ i hÃ¡t mÃ  mÃ¬nh thá»±c sá»± thÃ­ch .PEACE,Good
CaÌ‰m Æ¡n Band CaÌ HÃ´Ì€i Hoang Ä‘aÌƒ tÄƒÌ£ng miÌ€nh ca khuÌc naÌ€y Ä‘uÌng vaÌ€o ngaÌ€y sinh nhÃ¢Ì£t ! caÌ‰m Æ¡n caÌc baÌ£n :D,Good
nháº¡c dáº¡o cháº¥t quÃ¡,Good
BÃ i hÃ¡t cuá»‘n nháº¥t Ä‘á»‘i vá»›i mÃ¬nh cá»§a CHH,Good
Nghe hay quÃ¡,Good
nhÃ¬n hai Ã´ng Ä‘Ã¡nh Ä‘Ã n diá»…n ngáº§u vl,Good
Chill quÃ¡,Good
hay quÃ¡ luÃ´n,Good
Thá»© Ã¢m nháº¡c cá»§a nhá»¯ng káº» má»™ng mÆ¡! CÃ ng nghe cÃ ng thÃ­ch cÃ ng nghe cÃ ng nghiá»‡n!!!,Good
hay qua anh oi huhuhuhuhu,Good
"Nghe nháº¡c cá»§a CÃ¡ Há»“i Hoang t hay bá»‹ máº¿u áº¥y, cáº£m xÃºc dÃ¢ng trÃ o xÃºc Ä‘á»™ng ğŸ–¤",Good
"Ä‘Æ°á»£c má»™t em trai Ä‘Ã¡ng yÃªu giá»›i thiá»‡u vÃ  mÃ¬nh Ä‘Ã£ mÃª CÃ¡ Há»“i Hoang luÃ´n r, huhu",Good
"bÃ i hÃ¡t mÃ¬nh thÃ­ch nháº¥t cá»§a nhÃ³m, tiáº¿n lÃªn cÃ¡c chÃ ng trai!",Good
nghiá»n báº£n nÃ y vl,Good
"hay quÃ¡, nghe phong cÃ¡ch nÃ y ráº¥t má»›i láº¡. á»¦ng há»™ band",Good
Ráº¥t thÃ­ch Ã¢m nháº¡c cá»§a cÃ¡c báº¡n ráº¥t Ä‘áº·c biá»‡t vÃ  cuá»‘n hÃºt ğŸ¤Ÿ,Good
"sao giá» tui má»›i biáº¿t Ä‘áº¿n band nÃ y háº£ trá»i, quÃ¡ Ä‘á»™c Ä‘Ã¡o",Good
Giá» má»›i nghe hay quÃ¡ di,Good
guitar Ä‘Ã¡nh hay quÃ¡,Good
Hay vl,Good
"nháº¡c cá»§a CÃ¡ Há»“i Hoang lÃ  tiÃªu chuáº©n cá»§a ""ca tá»« Ä‘áº¹p Ä‘áº½""",Good
Xuáº¥t sáº¯c!!,Good
"1 buá»•i sÃ¡ng thá»©c dáº­y á»Ÿ ÄL hÃ­t 1 hÆ¡i, báº­t bÃ i nháº¡c cá»§a CHH lÃ m Ä‘iáº¿u cáº§n! Ã”i nháº¹ nhÃ ng!",Good
ÄÃ¹ mÃ© nghiá»‡n vc,Good
hay hay hay,Good
Tá»± nhiÃªn 5 giá» sÃ¡ng nghe Ä‘c bÃ i nÃ y :)) nghe phÃ¡t nghiá»‡n luÃ´n,Good
Hay quÃ¡!,Good
Hay qua anh oi,Good
chill vÃ£i,Good
ThÃ­ch Ã¢m nháº¡c cá»§a cÃ¡ há»“i hoang band quÃ¡,Good
giai Ä‘iá»‡u cá»§a cÃ¡c anh Ä‘Ã£ cuá»‘n láº¥y tÃ¢m há»“n em rá»“i <3,Good
"Tháº­t sá»± ráº¥t mong Ä‘á»£i cÃ¡c sáº£n pháº©m Ã¢m nháº¡c tiáº¿p theo cá»§a cÃ¡c anh, cÃ¡c anh tháº­t tuyá»‡t.",Good
"bÃ i nÃ y nghe riáº¿t cÃ¡i ghiá»n luÃ´n, sÃ¡ng nÃ o cÅ©ng nghe 1 láº§n rá»“i má»›i chá»‹u lÃ m viá»‡c",Good
"TÃ¬nh cá» Ä‘c spotify quáº£ng cÃ¡o máº¥y láº§n rá»“i,khÃ´ng ngá» nghe áº¥n tÆ°á»£ng ghÃª. CHH toÃ n bÃ i hay khÃ´ng",Good
Hay láº¯m CÃ¡ Há»“i Æ¡i!,Good
"MÃ¬nh mÃª nháº¡c rock Ä‘Ã£ ráº¥t lÃ¢u rá»“i. CÃ¡i khiáº¿n mÃ¬nh yÃªu thÃ­ch á»Ÿ má»™t rockband thÆ°á»ng khÃ´ng pháº£i lÃ  ca tá»« mÃ  lÃ  tiáº¿ng guitar, bass vÃ  trá»‘ng. CÃ³ thá»ƒ nÃ³i cÃ¡c báº¡n lÃ m ráº¥t tá»‘t! CHH lÃ  má»™t trong sá»‘ Ã­t nhá»¯ng band Viá»‡t mÃ  mÃ¬nh thÃ­ch nghe vÃ  mÃ¬nh Ä‘áº·c biá»‡t áº¥n tÆ°á»£ng vá»›i lead guitarist cá»§a nhÃ³m. Ráº¥t hay.",Good
xuÃ¢Ìt sÄƒÌc,Good
TÃ´i thÃ­ch bÃ i hÃ¡t nÃ y ráº¥t nhiá»u,Good
ChÃºc má»«ng mn Ä‘áº¡t 1 cá»§ view nha máº¥y anh,Good
ChÃºc má»«ng MV Ä‘áº¡t 1 TRIá»†U view !!!,Good
1 triá»‡u rá»“i. ChÃºc má»«ng cÃ¡c anh ^^,Good
Hay láº¯m cÃ¡c anh áº¡ğŸ’“,Good
hay quÃ¡ <3,Good
Cáº£m Æ¡n cÃ¡c anh ráº¥t nhiá»u,Good
Ban nháº¡c Viá»‡t cháº¥t vÃ  khÃ¡c thÆ°á»ng. TÃ´i thÃ­ch Ä‘iá»u nÃ y á»Ÿ ban nháº¡c khÃ´ng Ä‘i thu má»™t xu hÆ°á»›ng thá»‹nh hÃ nh nÃ o.,Good
Phong cÃ¡ch Ã¢m nháº¡c nÃ y lÃ¢u láº¯m rá»“i má»›i gáº·p,Good
trá»i Ä‘áº¥t Æ¡ii hay quÃ¡,Good
Nháº¡c gÃ¢y nghiá»‡n...!!!,Good
hay vÃ£iii,Good
Hay vkl :v,Good
Tháº­t thÃº vá»‹,Good
bÃ i nÃ y tháº¥y hay nháº¥t tá»« trÆ°á»›c tá»›i giá» cá»§a CÃ¡ Há»“i Hoang,Good
ThÃ­ch nháº¡c cá»§a band nÃ y ghÃª gá»›m :))),Good
Nháº¡c máº¥y a quÃ¡ cháº¥t áº¡,Good
"khÃ´ng ngá» nhá»¯ng chÃ ng trai má»™ng mÆ¡ tá»« ÄÃ  Láº¡t láº¡i lÃ m ra giai Ä‘iá»‡u tuyá»‡t vá»i nhÆ° tháº¿ nÃ y. Cáº£m Æ¡n CHH , your music so sweetly!",Good
"nghe nháº¡c hay quÃ¡, kiá»ƒu bá»‹ nghiá»‡n luÃ´n",Good
"giá» má»›i biáº¿t Ä‘áº¿n cÃ¡ há»“i hoang qua bÃ i táº§ng thÆ°á»£ng, thÃ­ch giá»ng cá»§a Ã´ng nÃ y, vá»›i cÃ¡ch phá»‘i nháº¡c cá»§a team",Good
Ã”ng minh cÃ³ con gibson xá»‹n tháº¿,Good
Hay quÃ¡ <3,Good
"Hay quÃ¡. Nghe phÃª phÃª, mÃ¬nh thÃ­ch bÃ i nÃ y nháº¥t trong album nÃ¨ ğŸ¤¤ğŸ¤¤ğŸ¤¤",Good
BÃ i hÃ¡t cháº¥t nháº¥t t tá»«ng nghe :>,Good
Hay vÃ£i nhÃ¡i. Hehe,Good
Dá»… thÆ°Æ¡ng,Good
"Wow, nghe cuá»‘n nhá»‰ :X",Good
BÃ i nÃ y hay láº¯m máº¥y Ã´ng Æ¡i <3,Good
hay quÃ¡ huhu,Good
"Cháº¿t rá»“i, yÃªu nhÃ³m máº¥t rá»“i.",Good
cÃ ng nghe cÃ ng nghiá»‡n,Good
QuÃ¡ hay,Good
Sáº½ luÃ´n á»§ng há»™ cÃ¡c anh ^^,Good
Cá»±c pháº©m,Good
hay vÃ£iiii,Good
Hay quÃ¡ <3,Good
Tuyet voi,Good
Nghiá»‡n nhÃ³m nháº¡c nÃ y rá»“i,Good
"Hay láº¯m , nghe Ä‘Æ°á»£c bÃ i nháº¡c cá»§a nhÃ³m tá»« thÃ¡ng 3 nÄƒm.ngoÃ¡i trong chuyáº¿n bay cá»§a vietnam el vÃ  theo dÃµi Ä‘áº¿n giá»",Good
thÃ­ch beat bÃ i nÃ y dÃ£ man :3 láº¡i hÃ³ng hÆ¡p Ã¢m :)),Good
oh wow. nhac hay qua man,Good
"bÃ i nÃ o cá»§a cÃ¡c a cÅ©ng hay, hu hu T.T",Good
Cáº£m Æ¡n cÃ¡c anh vÃ¬ Ä‘Ã£ sÃ¡ng tÃ¡c má»™t bÃ i hÃ¡t tuyá»‡t tháº¿ nÃ y,Good
ThÃ­ch intro dÃ£ man luÃ´n <3,Good
má»i thá»© Ä‘á»u tuyá»‡t vá»i !!,Good
"BÃ i hÃ¡t Ä‘Ã¡ng yÃªu vch trá»i Æ¡iiii, mÃ u mv Ä‘áº¹p vÃ£i, mÃ  máº¥y Ã´ng trong mv nÃ y cÅ©ng siÃªu báº£nh luÃ´n ğŸ˜ğŸ˜ğŸ˜",Good
"BÃ i nÃ y hay thá»±c sá»±, mÃ  thá»±c sá»± lÃ  bÃ i nÃ o cá»§a CÃ¡ Há»“i Hoang cÅ©ng hay",Good
"Giai Ä‘iá»‡u ráº¥t hay, ná»™i dung ráº¥t thÃº vá»‹ Ä‘Ãºng cháº¥t cÃ¡ há»“i hoang . So Nice !!!",Good
Nghiá»‡n sau 3 láº§n nghe =)),Good
Nháº¡c vang lÃªn lÃ  ko thá»ƒ ngá»“i yÃªn Ä‘c....Quáº©y lÃªn,Good
nghe hay ghÃª ta!!!,Good
I love u mÃ£i mÃ£i mÃ£i mÃ£iâ¤ï¸â¤ï¸â¤ï¸â¤ï¸â¤ï¸Da bestttttttttğŸ˜˜ğŸ˜˜ğŸ˜˜ğŸ˜˜ğŸ˜˜ğŸ˜˜ğŸ˜˜,Good
MÃ¬nh ráº¥t thÃ­ch phong cÃ¡ch Ã¢m nháº¡c cá»§a nhÃ³m <3,Good
"CÃ¡ Há»“i Hoang lÃ  ban nháº¡c Viá»‡t Nam khÃ´ng thá»ƒ ra má»™t bÃ i hÃ¡t tá»“i. 
BÃ i nÃ o cÅ©ng hay cÃ¡c báº¡n Æ¡i",Good
Nháº¡c cá»§a CÃ¡ Há»“i Hoang luÃ´n mang Ä‘áº¿n cho mÃ¬nh má»™t cáº£m xÃºc Ä‘áº·c biá»‡t,Good
Tuyá»‡t vá»i ğŸ˜š,Good
nay Ä‘áº¹p trai tháº¿,Good
<3 nhÃ¢Ìt,Good
Ä‘á»‰nh cao :'(,Good
hay vl,Good
"I love you, CÃ Há»’I HOANG",Good
"Nháº¡c nÃ³ láº¡i Ä‘Æ¡n giáº£n tháº¿, hay tháº¿",Good
TT huhu bÃ i nÃ y hay quÃ¡ áº¡aaaa,Good
cáº£m Æ¡n,Good
hay quÃ¡aaaaa,Good
QuÃ¡ hay,Good
Hay quÃ¡ !!!!,Good
Äiá»‡u nháº£y quá»‘c dÃ¢n:))))),Good
"Ráº¥t tiáº¿n bá»™, cá»‘ lÃªn nhÃ©!",Good
"Hay láº¯m, Ráº¥t thÃ­ch sá»± lá»±a chá»n thÃ´ng minh  má»—i láº§n xuáº¥t hiá»‡n lÃ  khÃ¡c biá»‡t cá»§a CÃ´ gÃ¡i vÃ  Ãª kÃ­p. Giá»¯ vá»¯ng phong Ä‘á»™ vÃ  phÃ¡t huy hÆ¡n ná»¯a nhÃ© CÃ´ GÃ¡i.",Good
"nháº¡c nhá»™n hÆ¡n tÃ­ lÃ  cÃ¡i mv nÃ y best luÃ´n rá»“i, cháº¥t vcl",Good
khÃ´ng hÃ¢m má»™ chipu nhÆ°ng tháº¥y bÃ i nÃ y hay pháº¿t Ä‘áº¥y chá»©,Good
Hay quÃ¡ hay :vvvv,Good
Giai Ä‘iá»‡u hay Ä‘Ã³ chá»©! â¤ï¸,Good
Mv nÃ y sÃ¡ng táº¡o Ä‘Ã³ chá»©,Good
YÃªu chá»‹ mÃ£i yÃªu chá»‹,Good
CÃ³ ai tháº¥y hay giá»‘ng mÃ¬nh ko váº­y,Good
Cháº¥t hÆ¡n rá»“i,Good
"NÃ³i cÃ´ng báº±ng MV cá»§a chi pu vá» máº·t hÃ¬nh áº£nh láº«n vÅ© Ä‘áº¡o Ä‘iá»u cháº¥t , Ä‘áº¹p vÃ  dá»… gÃ¢y nghiá»‡n. Nháº¡c thÃ¬ khá»i chÃª gÃ¢y Ã¡m áº£nh quÃ¡ luÃ´n. CÃ²n ai chÃª mÃ  cá»© vÃ o nghe Ä‘i nghe láº¡i cÃ²n Ä‘i share mÃ  kÃ¨m lá»i chÃª cá»™ng cover cÃ¡c kiá»ƒu lÃ  Ä‘á»§ hiá»ƒu sá»± thÃ nh cÃ´ng cá»§a MV rá»“i.",Good
thÃ­ch cÃ¡i vÅ© Ä‘áº¡o,Good
Lá»i nháº¡c khÃ¡ hay ğŸ˜ƒ,Good
"Chá»‰ cÃ³ hai tá»« Ä‘á»ƒ diá»…n táº£ ""Äá»™c, láº¡"" :)))",Good
BÃ i nÃ y hay vl :((,Good
Cháº¯c mv hÆ¡i xa so vá»›i thá»‹ hiáº¿u ngÆ°á»i Viá»‡t tÃ½ mÃ  ko sao cá»‘ lÃªn nÃ o chá»‹ Æ¡i. KhÃ¢m phá»¥c sá»± cá»‘ gáº¯ng cá»§a chá»‹,Good
VÅ© Ä‘áº¡o cháº¥t quÃ¡ :)))),Good
hay mÃ ! á»§ng há»™,Good
- *_coi Ä‘i coi láº¡i váº«n tháº¥y hay_*,Good
Xuáº¥t sáº¯c,Good
Nghe cx hay,Good
Cháº¥t lÆ°á»£ng tá»‘t hÆ¡n sá»‘ lÆ°á»£ng ğŸ™‚,Good
HÃ£y cá»‘ gáº¯ng sá»­a sai vÃ  cÃ ng cá»‘ gáº¯ng hoÃ n thiá»‡n Mv ngÃ y má»™t tá»‘t nha Chi pu,Good
uáº§y hay tháº¿,Good
CÅ©ng hay mÃ . Chipu 5ting!,Good
"NhÃ¬n chung bÃ i hay ,nháº¡c khÃ¡ báº¯t tai ,vÅ© Ä‘áº¡o tá»‘t,xem tháº¥y tiáº¿u tiáº¿u tháº¿ nÃ o áº¥y",Good
Wow tuyá»‡t  vá»i quÃ¡,Good
NÃ³i chung lÃ  chá»‹ cÃ³ tiáº¿n bá»™. YÃªu chá»‹,Good
Nghe láº¡ tai ghÃª thÃ­ch MV nÃ y cá»§a chá»‹ ráº¥t hay. Mong chá»‹ sáº½ cÃ ng thÃ ng cÃ´ng hÆ¡n trong con Ä‘Æ°á»ng sáº¯p tá»›i.,Good
VÃ¡y Ä‘áº¹p tháº­t,Good
"Cá»‘ lÃªn Chi Æ¡i
MÃ£i yÃªu. MÃ£i á»§ng há»™ chá»‹",Good
Hay quÃ¡ chá»‹ Æ¡i,Good
"Tuyá»‡t chá»‹ Æ¡i, em chá» mÃ£i chá»‹",Good
Ä‘áº¹p hÃºt há»“n bÃ  con Æ¡i,Good
"Beat cháº¥t quÃ¡ chá»‹ Æ¡i
MÃ£i yÃªu. MÃ£i á»§ng há»™
Cá»‘ lÃªn Chi Æ¡i love chá»‹",Good
HÃ¡t hay quÃ¡ chá»‹ Æ¡i,Good
Hay quÃ¡ chi Æ¡i e hÃ³ng nÃ£y giá»,Good
Truáº¥t quÃ¡ Chi Æ¡i :v,Good
Giá»ng hÃ¡t tiáº¿n bá»™ rÃµ  rá»‡t... I like,Good
"beat hay,Ä‘iá»‡u nháº£y cÃ³ thá»ƒ thÃ nh hot trend Ä‘áº¥y !!! á»¦ng há»™ Chi Pu",Good
*Cá»‘ lÃªn*,Good
Nghe báº¯t tai â¤,Good
á»¦ng há»™ chá»‹ ğŸ˜‹ğŸ˜‹,Good
Amazing !!! Chipu ngÃ y cÃ ng tiáº¿n bá»™ vÆ°á»£t báº­c.,Good
Chi nháº£y Ä‘áº¹p quÃ¡ nÃ¨,Good
Nháº£y Ä‘áº¹p quÃ¡ chá»‹ Æ¡i ğŸ˜ğŸ˜,Good
YÃªu chá»‹ quÃ¡ ğŸ’•ğŸ’• cá»‘ lÃªn nha em á»§ng há»™ chá»‹,Good
Äiá»‡u nháº£y giáº£i trÃ­ vl,Good
CÃ¡i bÃ i nÃ y hay qtqÄ‘ <3,Good
QuÃ¡ dá»¯ QuÃ¡ hay :),Good
Nháº¡c thÃº vá»‹ nhá»‰ =),Good
CÃ ng ngÃ y cÃ ng tiáº¿n bá»™,Good
TrÃªn cáº£ tuyá»‡t vá»i,Good
YÃªu chá»‹ lÃ©m,Good
KhÃ¡ hay áº¥y chá»© #masew,Good
xuáº¥t sáº¯c quÃ¡ tá»· Æ¡i,Good
Nháº¡c hay !,Good
mÃ£i yÃªu chá»‹ áº¡,Good
YÃªu chi,Good
"Nghe thÃ­ch quÃ¡, nghe mÃ  nhá»©c nhá»‘i trong lÃ²ng.",Good
Hay tháº­t Ä‘áº¥y áº¡ ğŸ¥ºğŸ’,Good
phong cÃ¡ch nÃ y hay láº¯m,Good
NgÆ°á»¡ng má»™ chipu tháº­t. ThÆ°Æ¡ng chá»‹ trong thá»i gian bá»‹ nhiá»u ngÆ°á»i chá»‰ trÃ­ch. Chá»‹ tháº­t máº¡nh máº½ â¤â¤,Good
Hay quÃ¡ chi áº¡ â¤â¤â¤â¤,Good
váº«n Ä‘Æ°á»£c nghe a ThÃ nh hÃ¡t lÃ  Ä‘iá»u may máº¯n nháº¥t,Good
ThÃ nh Luke cÃ³ cÃ¡i tÃ¢m há»“n vÃ  trÃ­ tÆ°á»Ÿng tÆ°á»£ng phong phÃº tháº­t sá»± =))),Good
"Nhá»› nhá»¯ng ngÃ y nÃ o chá»‹ váº«n lÃ  cÃ´ gÃ¡i cháº¡y má»™t mÃ¬nh trÃªn con Ä‘Æ°á»ng váº¯ng, rá»“i tÃ¬nh cá» gáº·p chÃ ng trai, cáº£ hai cÃ¹ng náº¯m tay nhau cháº¡y cÃ¹ng má»™t nhá»‹p vá»™i vÃ£, cá»©u rá»—i nhau khá»i nhá»¯ng máº·t tá»‘i sÃ¢u trong tÃ¢m há»“n. ThÃ¬ giá» Ä‘Ã¢y váº«n lÃ  cÃ´ gÃ¡i áº¥y- chÃ ng trai áº¥y, cáº£ hai khÃ´ng cÃ²n vá»™i vÃ ng nhÆ° trÆ°á»›c, cÃ¹ng nhau dáº¡o tá»«ng bÆ°á»›c nhá»‹p nhÃ ng cÆ°á»i vui váº» trÃªn nhá»¯ng Ä‘oáº¡n Ä‘Æ°á»ng tÆ°á»Ÿng chá»«ng nhÆ° lÃ  tháº¿ giá»›i háº¡nh phÃºc cá»§a riÃªng cáº£ hai. Háº¡nh phÃºc quÃ¡!",Good
Anh Ä‘Ã¢y rá»“i. ChÃºc anh sá»›m cÃ³ thÃªm nhá»¯ng bÃ i hÃ¡t tuyá»‡t vá»i sáº¯p tá»›i nhÃ©. LuÃ´n á»§ng há»™ anh.,Good
"MÃ¬nh vá»«a káº¿t thÃºc cÃ¢u chuyá»‡n tÃ¬nh cáº£m gáº§n 4 nÄƒm qua trong 3 tiáº¿ng trÆ°á»›c, cáº£m Æ¡n Mai Ä‘Ã£ Ä‘áº¿n ká»‹p lÃºc vÃ  xoa dá»‹u pháº§n nÃ o trÃ¡i tim mÃ¬nh, cáº£m Æ¡n ğŸ«¶ğŸ»",Good
ohh love u bro !,Good
guitar solo hay quÃ¡ áº¡,Good
"BÃ i mÃ¬nh thÃ­ch nháº¥t trong show. BÃ i mÃ  má»i ngÆ°á»i giÆ¡ Ä‘iá»‡n thoáº¡i lÃªn, tay Ä‘u Ä‘Æ°a. CÃ²n riÃªng mÃ¬nh thÃ¬ nháº¯m máº¯t vÃ  cá»© nhÆ° tháº£ háº¿t há»“n vÃ o tá»«ng tiáº¿ng guitar, tá»«ng nhá»‹p trá»‘ng, tá»«ng lá»i hÃ¡t. Cáº£m Æ¡n CHH Ä‘Ã£ mang Ä‘áº¿n cho mÃ¬nh nhá»¯ng cáº£m xÃºc tuyá»‡t vá»i nÃ y.",Good
"Giai Ä‘iá»‡u nÃ y nÃ y hay ,vui nhá»™n",Good
Chi Pu Ä‘i trÆ°á»›c thá»i Ä‘áº¡i áº¥y nhá»‰,Good
Nhá»› ÄL nhÆ°ng pháº£i háº¹n láº¡i 1 thá»i gian Ä‘á»ƒ quay vá». 1 thÃ¡ng máº¥y ngÃ y xa VN nghe Ä‘Æ°á»£c giai Ä‘iá»‡u cá»§a báº¡n hÃ¬nh áº£nh thÃ¢n thÆ°Æ¡ng cá»§a nÆ¡i mÃ¬nh iu quÃ¡ Ä‘á»—i ngá»t. CÃ¢u chuyá»‡n cá»§a báº¡n hÃ nh trÃ¬nh cá»§a báº¡n tÃ´i cáº£m tháº¥y má»i thá»© Ä‘iá»u xá»©ng Ä‘Ã¡ng. ChÃºc má»«ng báº¡n,Good
á»¦ng há»™ anh ThÃ nh háº¿t mÃ¬nhhhh,Good
"Mv vÃ  bÃ i hÃ¡t tháº­t cáº£m xÃºc quÃ¡, cáº£m Æ¡n anh Ä‘Ã£ liÃªn tá»¥c ra nháº¡c nhÆ° nÃ y â¤",Good
"MÃ£i á»§ng há»™ anh, mÃ£i á»§ng há»™ Ã¢m nháº¡c nÃ y!!! â¤",Good
nghe dá»‹u dÃ ng quÃ¡ anh áº¡.,Good
MÃ¬nh khÃ´ng thÃ­ch Chipu ,Bad
nhá»‘ nhÄƒng ,Bad
Con thiá»u Báº£o TrÃ¢m cÃ²n thua chipu tháº¥y nháº¡c nhÆ° cá»©t ,Bad
ko thÃ­ch nghe nháº¡c tráº» chÃºt nÃ o ,Bad
tháº£m há»a Ã¢m nháº¡c,Bad
Nghe cháº£ hay,Bad
biÃªn Ä‘áº¡o xáº¥u dá»¯ :D !!!,Bad
lá»—i thá»i,Bad
Chi Pu live tá»‡ vÃ  sáº£n pháº©m Ã¢m nháº¡c cÅ©ng tá»‡.,Bad
"Nghe bÃ i nÃ y khiáº¿n mÃ¬nh nhá»› láº¡i thá»i Ä‘iá»ƒm hÆ¡n má»™t nÄƒm trÆ°á»›c, khi áº¥y mÃ¬nh vÃ  ngÆ°á»i áº¥y cÃ£i nhau rá»“i ng ta Ä‘uá»•i mÃ¬nh Ä‘i trong Ä‘Ãªm, thu dá»n hÃ nh lÃ½ ra ngoÃ i Ä‘Æ°á»ng vÃ´ Ä‘á»‹nh chÆ°a biáº¿t Ä‘i Ä‘Ã¢u vá» Ä‘Ã¢u... tháº­t sá»± nghÄ© láº¡i khoáº£ng thá»i gian Ä‘Ã³ tháº­t tá»‡!",Bad
5 giá» sÃ¡ng tÃ´i Ä‘ang lÃ m gÃ¬ Ä‘Ã¢y gáº§n 3 thÃ¡ng tháº¥t nghiá»‡p giá» váº«n chÆ°a ngá»§ vÃ  chÆ°a cÃ³ ai yÃªu háº¿t.,Bad
"yÃªu CÃ¡ há»“i hoang nhÆ°ng quay phim khÃ¡ tá»‡, vÃ´ tÃ¬nh hay cá»‘ Ã½ toÃ n che báº¡n trá»‘ng Ä‘i máº¥t",Bad
"BÃ i nÃ y khi ngoÃ i trá»i mÆ°a, Ä‘eo tai nghe náº±m trong phÃ²ng nghe tr Æ¡i nÃ³ buá»“n Ã¡ :<",Bad
"23:40
Ngá»“i 1 chá»— Ä‘eo tai nghe báº­t tua láº¡i nghe má»—i 1 bÃ i... NÆ°á»›c máº¯t rÆ°ng rÆ°ng cá»© cháº£y ra cháº³ng thá»ƒ kÃ¬m láº¡i Ä‘Æ°á»£c. Tá»± há»i sau bao nÄƒm á»Ÿ Ä‘Ã¢y Ä‘Ã£ lÃ m Ä‘Æ°á»£c cÃ¡i gÃ¬, cÃ³ nÃªn rá»i bá» hay khÃ´ng ...",Bad
"BÃ i nÃ y cÃ³ thá»ƒ sáº½ thÃ nh thÃ¡nh ca cá»§a nhá»¯ng tÃªn trá»™m: ""em quay ra nhÃ¬n cháº±m cháº±m chÃ¬a khÃ³a xe. Em láº¥y tÃºi Ä‘á»“, láº¥y vÃ­ tiá»n, láº¥y Ä‘á»“ng há»“ xem quÃªn gÃ¬ ná»¯a khÃ´ng?"" =)))))",Bad
"MÃ¬nh vÃ  a á»Ÿ chung vá»›i nhau lÃºc káº¹t dá»‹ch, lÃºc 2 Ä‘á»©a cÃ£i nhau mÃ¬nh muá»‘n rá»i bá» Ä‘i, vÃ  Ä‘Ã£ Ä‘áº¿n lÃºc mÃ¬nh Ä‘i, nhÃ¬n chÄƒm chÄƒm láº¡i cÄƒn phÃ²ng Ä‘áº§y áº¯p ká»‰ niá»‡m cá»§a 2 Ä‘á»©a láº§n cuá»‘i cÃ²n váº¥n vÆ°Æ¡ng , 2 Ä‘á»©a báº¥t Ä‘á»“ng cÃ£i nhau ráº¥t nhiá»u, lÃºc Ä‘áº¥y mÃ¬nh chá»‰ muá»‘n rá»i khá»i cÄƒn phÃ²ng nÃ y cÃ ng sá»›m cÃ ng tá»‘t, lÃºc mÃ¬nh rá»i Ä‘i mÃ¬nh nhÃ¬n con mÃ¨o láº§n cuá»‘i cá»§a bÃ¡c chá»§ nhÃ  mÃ  2 Ä‘á»©a tá»«ng ráº¥t thÆ°Æ¡ng vÃ  chÄƒm nÃ³ nhÆ° mÃ¨o cá»§a 2 Ä‘á»©a, lÃºc cÃ²n á»Ÿ chung anh thÃ­ch CÃ¡ há»“i hoang vÃ  cÅ©ng má»Ÿ bÃ i nÃ y ráº¥t nhiá»u nhÆ°ng mÃ¬nh k Ä‘á»ƒ Ã½ lá»i bÃ i hÃ¡t cho Ä‘áº¿n khi mÃ¬nh nhá»› a mÃ¬nh má»Ÿ láº¡i táº¥t cáº£ bÃ i hÃ¡t a hay nghe vÃ  thá»±c sá»± bÃ i bÃ y cháº¡m Ä‘áº¿n khoáº£nh kháº¯c mÃ¬nh rá»i xa cÄƒn phÃ²ng Ä‘Ã³, 5:am 2 Ä‘á»©a má»›i ngá»§ trong khoáº£ng thá»i gian giÃ£n cÃ¡ch Ä‘Ã³, cÅ©ng lÃ  5:am nhÆ°ng sau vÃ i thÃ¡ng mÃ¬nh khÃ³c vÃ¬ mÃ¬nh nhá»› anh. 
1902",Bad
"BÃ¢y giá» lÃ  3h55 sÃ¡ng, ngÃ y 8/12/2021.
Sau má»™t Ä‘Ãªm thá»©c tráº¯ng Ä‘Ãºng nghÄ©a, tÃ´i tÃ¬m Ä‘áº¿n Ä‘Ã¢y. 
KhÃ´ng biáº¿t do thuá»‘c tÃ´i uá»‘ng quÃ¡ máº¡nh hay lÃ  vÃ¬ lÃ½ do nÃ o khÃ¡c khiáº¿n tÃ´i má»‡t má»i nhÆ°ng láº¡i khÃ´ng thá»ƒ nÃ o ngá»§ Ä‘Æ°á»£c.
TÃ´i cÃ³ nÃªn rá»i khá»i nÆ¡i nÃ y ?",Bad
HÃ¡t nhÆ° cáº·c,Bad
CÃ²n tÃ´i thÃ¬ nhÃ¬n e láº¥y háº¿t má»i thá»© rá»“i em Ä‘i ! Má»i thá»© Ä‘Ã£ lÃ¢u rá»“i nhÆ°ng nhá»› láº¡i nhÆ° ngÃ y hÃ´m qua,Bad
"BÃ i hÃ¡t nhÆ° viáº¿t cho mÃ¬nh váº­y. Cáº£m tháº¥y láº¡c lÃµng giá»¯a chá»‘n quen thuá»™c, muá»‘n Ä‘i Ä‘áº¿n má»™t nÆ¡i khÃ¡c, muá»‘n tÃ¬m láº¡i chÃ­nh mÃ¬nh. NhÆ°ng láº¡i váº¥n vÆ°Æ¡ng chá»‘n cÅ©, nÆ¡i mÃ¬nh tá»«ng gáº¯n bÃ³ hÆ¡n 2 nÄƒm nÃ y. NhÆ°ng pháº£i bá» Ä‘i thÃ´i!",Bad
bÃ i nÃ y nghe xong cáº£m xÃºc tháº¥y láº«n lá»™n quÃ¡,Bad
táº¡i sao nhÃ³m mÃ¬nh láº¡i ko cho ra 1 bÃ i ná»¯a anh ko nháº¡c cá»§a em chÃ¡n vÃ£i ra,Bad
4:59 khÃ´ng ngá»§ Ä‘Æ°á»£c,Bad
BÃ i nÃ y nghe ngá»©a vl.,Bad
tá»± nhiÃªn nhá»› láº¡i nhÃ  cÅ©,Bad
khÃºc Ä‘áº§u a Ä‘áº¡t trÃ´ng báº¥t cáº§n Ä‘á»i vl:)),Bad
haha. tháº¥y mÃ¬nh Ä‘Ã¢u Ä‘Ã¢y. ngÃ y ra Ä‘i khÃ´ng tiáº¿c nuÃ´i gÃ¬ chá»‰ lÆ°u luyáº¿n máº¥y con chÃ³ con mÃ¨o cá»© sá»£ khÃ´ng ai cho Äƒn thÃ´i cÆ¡,Bad
Hnay lÃ  láº§n Ä‘áº§u tiÃªn mÃ¬nh má»›i biáº¿t sá»± cÃ³ máº·t cá»§a nhÃ³m CÃ¡ Há»“i Hoang ^^ Thá»±c sá»± nghe láº§n Ä‘áº§u mÃ¬nh váº«n chÆ°a thá»ƒ thÆ°á»Ÿng thá»©c ná»•i... hi vá»ng láº§n sau sáº½ khÃ¡c :3,Bad
sao giá» tui má»›i biáº¿t Ä‘áº¿n CÃ¡ Há»“i Hoang nhá»‰ ? hiuhiu,Bad
Em nhá»› con mÃ¨o nhá»› con mÃ¨o nhá»› con mÃ¨o meo meo mÃ¨o mÃ©o meoğŸ˜¸,Bad
ngu,Bad
Tay Guitar RÃ¢u khiáº¿p tháº­t!,Bad
Tá»™i anh Ä‘Ã¡nh trá»‘ng bá»‹ anh guitar che khuáº¥t máº¥t tiÃªu,Bad
Sau nhiá»u nÄƒm thá»©c tráº¯ng em quay sang tÃ¬m cho mÃ¬nh má»™t nghÄ©a trang... end song,Bad
"ÄÃªm say cháº¿nh choÃ¡ng khÃ´ng ngá»§ Ä‘Æ°á»£c vÃ¬ nhá»› bao nhiÃªu lÃ  thá»©, rá»“i sÃ¡ng ngá»§ dáº­y láº¡i láº¡nh lÃ¹ng bá» Ä‘i. ThÃ´i khÃ´ng Ä‘Ã¡ng ná»¯a.",Bad
BÃ i nÃ y lÃ  cáº£nh sá»‘ng chung chia tay nhá»‰? Nghe cáº£m tháº¥y hÆ¡i Ä‘au Ä‘au,Bad
"KhÃ´ng hiá»ƒu sao nghe khÃ´ng Ä‘Æ°á»£c thá»ƒ loáº¡i nháº¡c nhÆ° tháº¿ nÃ y, cá»© sao sao áº¥y...
(Ã kiáº¿n cÃ¡ nhÃ¢n !)",Bad
"Viáº¿t cho tÃ´i Ã  CÃ¡ Há»“i Hoang ğŸ˜‚
á» vá»›i nhau Ä‘Æ°á»£c vÃ i nÄƒm nhÆ° vá»£ chá»“ng rá»“i chia tay,thá»©c tráº¯ng Ä‘Ãªm táº¥m trÃ­ báº§n tháº§n, sÃ¡ng gom Ä‘á»“ Ä‘i vá» trong sá»± tháº«n thá», Ä‘i r luyáº¿n tiáº¿c .. Ngoáº£nh láº¡i nhÃ¬n cÄƒn phÃ²ng, nhá»› 2 Ä‘á»©a BÃ´ng vÃ  Ken 2 Ä‘á»©a tá»«ng nuÃ´i ..",Bad
MÃ¬nh tÃ¬m trÃªn soundcloud k tháº¥y huhu,Bad
"MÃ¬nh cÃ³ má»™t anh báº¡n ngÆ°á»i Myanmar, anh Ã½ Ä‘Ã£ á»Ÿ Ä‘Ã¢y Ä‘Æ°á»£c hÆ¡n 2 thÃ¡ng rá»“i. VÃ i phÃºt ná»¯a lÃ  anh sáº½ lÃªn mÃ¡y bay vá» nÆ°á»›c. MÃ¬nh váº«n nhá»› láº§n hang out Ä‘áº§u tiÃªn cá»§a bá»n mÃ¬nh mÃ¬nh Ä‘Ã£ cho anh Ã½ nghe Táº§ng ThÆ°á»£ng 102, vÃ  giá» áº£nh cuá»“ng CÃ¡ Há»“i Hoang kinh khá»§ng luÃ´n Ã½. 
Cháº¯c tÃ­ ná»¯a lÃªn mÃ¡y bay anh Ã½ sáº½ khÃ³c máº¥t, vÃ¬ anh báº£o anh yÃªu Viá»‡t Nam láº¯m vÃ  cháº£ muá»‘n vá» Ä‘Ã¢u. MÃ¬nh chÃºc anh Ã½ safe flight rá»“i vÃ  chÃºng mÃ¬nh Ä‘Ã£ cÃ³ má»™t lá»i há»©a lÃ  sáº½ kiáº¿m tháº­t nhiá»u tiá»n Ä‘á»ƒ anh Ã½ quay trá»Ÿ láº¡i Viá»‡t Nam vÃ  mÃ¬nh sáº½ Ä‘áº¿n Myanmar vÃ o má»™t ngÃ y khÃ´ng xa.",Bad
Gáº¯t,Bad
nháº¡c nhÆ° con cáº·c áº¥y mÃ  lÃºc nÃ o cÅ©ng tháº¥y trÃªn spotify,Bad
k nghe Ä‘Æ°á»£c rÃµ lá»i.,Bad
Tá»™i nghiá»‡p Ã´ng Ä‘Ã¡nh trÃ´ng. KhÃ´ng tháº¥y máº·t,Bad
Má»—i láº§n buá»“n Ä‘á»i lÃ  nghe,Bad
"Thá»i gian nÃ y chÃ¬m trong khá»§ng hoáº£ng cÃ´ng viá»‡c cuá»™c sá»‘ng tÃ¬nh cáº£m. KhÃ´ng biáº¿t chia sáº» vá»›i ai háº¿t. Rá»“i bá» cuá»™c trong tÃ¬nh yÃªu vÃ¬ khÃ´ng thá»ƒ cá»‘ gáº¯ng Ä‘Æ°á»£c thÃªm. Nghe bÃ i nÃ y tá»›i 2h sÃ¡ng, rá»“i cháº¯c tá»›i 5h ná»¯a.",Bad
Nháº¡c hay mÃ  lá»i bÃ i hÃ¡t quÃ¡ lÃ  bÃ¬nh thÆ°á»ng,Bad
ChÆ°a hiá»ƒu láº¯m. Sao má»™t bÃ i hÃ¡t chá»‰nh chu Ä‘áº§u tÆ° vÃ  hay ntn láº¡i Ã­t ngÆ°á»i nghe vÃ  biáº¿t Ä‘áº¿n váº­y?,Bad
ko thá»ƒ dá»«ng nghe :((,Bad
cÃ¡c anh Ä‘á»«ng che anh trá»‘ng Ä‘Æ°á»£c khÃ´ng :< tá»™i nghiá»‡p anh,Bad
Nghe bÃ i nÃ y tá»± dÆ°ng mÃ¬nh cáº£m giÃ¡c giá»‘ng nhÆ° máº¥y lÃºc há»“i tráº» con má»—i láº§n bá»‹ bá»‘ máº¹ máº¯ng cÃ¡i mang tÃ¢m tráº¡ng giáº­n dá»—i chuáº©n bá»‹ lÃªn káº¿ hoáº¡ch bá» nhÃ  Ä‘i Ã­ : )))))))))))))))),Bad
BÃ i hÃ¡t cháº£ ra thá»ƒ thá»‘ng gÃ¬ ..,Bad
bÆ°Ì£c miÌ€nh ghÃª >__<,Bad
Thá»±c ra bÃ i nÃ y Ä‘ang ká»ƒ vá» nhÃ¢n váº­t nobita Ä‘ang cÃ³ Ã­ Ä‘á»‹nh rá»i bá» nhÃ  ra Ä‘i :)))),Bad
tá»™i Ã´ng Ä‘Ã¡nh trá»‘ng ghÃª =))),Bad
Trá»i áº¡ ... Nghe muá»‘n Ä‘au tim luÃ´n Ã¡ ...,Bad
CoÌ leÌƒ em coÌ€n treÌ‰ quaÌ. Em khÃ´ng hiÃªÌ‰u baÌ€i haÌt nhiÃªÌ€u lÄƒÌm :<,Bad
Tá»™i anh Ä‘Ã¡nh trá»‘ng :)) NguyÃªn ná»­a Ä‘áº§u bá»‹ che máº¥t :)),Bad
Cá»© bá»‹ Ã¡m áº£nh,Bad
ÄiÃªn tháº­t sá»±.,Bad
Lá»i xÃ m,Bad
nhÆ° ngÃ¡o Ä‘Ã¡ váº­y,Bad
Em nhá»› con mÃ¨o :(,Bad
bÃ i hÃ¡t khÃ´ng hay,Bad
"Sao nháº¡c cÃ ng ngÃ y cÃ ng nhÆ° lá»“n tháº¿ nÃ y ? Lyric thÃ¬ vá»› váº©n, nháº¡c thÃ¬ vá»› váº©n Ä‘Ã©o ra gÃ¬ cáº£. Má»™t sáº£n pháº©m tháº¥t báº¡i.",Bad
"HÃ i vl, giá» ngÆ°á»i ta disband vÃ¬ kháº£ nÄƒng khÃ´ng Æ°a máº·t nhau láº¯m láº¯m rá»“i. Váº­y mÃ  váº«n báº¯t ngta diá»…n chung, xin thÆ°a lÃ  lÃ m l gÃ¬ cÃ²n sá»± Ä‘á»“ng Ä‘iá»‡u ná»¯a. Äáº¿n lÃºc Ä‘áº¥y cÃ¡c Ã´ bÃ  láº¡i nháº£y Ä‘á»•ng lÃªn chá»­i: khÃ´ng chuyÃªn nghiá»‡p, khÃ´ng tÃ´n trá»ng khÃ¡n giáº£, á»‰a vÃ o lá»— tai ngÆ°á»i nghe, diá»…n váº§y thÃ  Ä‘á»«ng diá»…n ná»¯a cho xem :)))
Gá»›m, giá» giá»ng nÃ o cháº£ chá»­i Ä‘Æ°á»£c",Bad
"""Giai Ä‘iá»‡u bÃ i hÃ¡t nÃ y khÃ¡ Ä‘Æ¡n Ä‘iá»‡u vÃ  thiáº¿u sá»± sÃ¡ng táº¡o, khÃ´ng Ä‘á»ƒ láº¡i áº¥n tÆ°á»£ng máº¡nh máº½ hay báº¥t ká»³ Ä‘iá»ƒm nháº¥n nÃ o.""",Bad
Nháº£y nhÆ° con gÃ  trá»¥i lÃ´ng :)))),Bad
ThÃ  nghe SÆ¡n TÃ¹ng hÃ¡t cÃ²n hay hÆ¡n lÃ  nghe cÃ¡i ca sÄ© dá»Ÿ Chi Pu nay hÃ¡t,Bad
"VÃ£i ...
Nháº£y nhÆ° lá»“n",Bad
tá»Ÿm háº¡i,Bad
Ko hay,Bad
Ko hay báº±ng cháº¡y ngay Ä‘i,Bad
chá»‹ cÃ ng ngÃ y cÃ ng Ä‘iÃªn,Bad
máº·c quáº§n xong máº·c vÃ¡y pháº£i khÃ´ng? NhÃ¬n dá»‹ vÃ£i! mÃ  hÃ¡t + vÅ© Ä‘iá»‡u nhÆ° c,Bad
"HÃ¡t dá»Ÿ hÆ¡n BÃ­ch phuong , vÄƒn mai Huong ná»¯a khÃ´ng cÃ³ cháº¥t giá»ng ca sÄ© cÃ¡i con cáº¡ch nÃ o cáº£",Bad
nhÃ¬n máº¥y con kia nháº£y nhÆ° yÃªu quÃ¡i,Bad
NÃ³i tháº­t ko tháº¥y hay j cáº£,Bad
giá»‘ng máº¥y con zombie gÃª,Bad
"Nháº¡c hay, nhÆ°ng vÅ© Ä‘áº¡o k tá»‘t cho láº¯m nhá»‰",Bad
"Con nÃ y bá»‹ tháº§n kinh Ã  , 1 sáº£n pháº©m Ä‘á»ƒ láº¡i áº¥n tÆ°á»£ng chá»‰ lÃ  giá»ng hÃ¡t quÃ¡ lá»‘ vÃ  Ä‘iá»‡u nháº£y lÃ m trÃ² tiÃªu khiá»ƒn , nÃ³i tháº­t chá»© tá»« ngÃ y lÃ m ca sÄ©  t Ä‘Ã£ ko cÃ²n 1 chÃºt cáº£m tÃ¬nh nÃ o",Bad
noÌi thiÃªÌ£t ko gheÌt chipu tÆ°Ì£ nhiÃªn Mv naÌ€y nhaÌ‰y nhÆ° Ä‘iÃªn,Bad
Annabelle phiÃªn báº£n 3,Bad
Ä‘áº¡o nháº¡c,Bad
"Kinh dá»‹ vÃ£i :"">",Bad
con nÃ y tháº¥t báº¡i vkl,Bad
Con Ä‘iÃªn,Bad
Nháº£m vlğŸ˜‚,Bad
Mv nhÆ° Ä‘iÃªn,Bad
"Chi pu Æ¡i . Em lÃ  fan cá»§a Chi pu Ä‘Ã¢y , em ráº¥t hÃ¢m má»™ chá»‹ nhÆ°ng em pháº£i nÃ³i bÃ i nÃ y Ä‘iá»‡u nháº£y cá»§a máº¥y chá»‹ trÃ´ng cá»© ........ hÃ¢m hÃ¢m . Em xin lá»—i Ä‘Ã£ chÃª MV nÃ y . Em xin lá»—i !",Bad
giá»‘ng cÆ°Æ¡ng thi cháº¿t má»‹a,Bad
tao tÆ°á»Ÿng Ä‘Ã¢y lÃ  1 Ä‘Ã n gÃ  chá»©=))),Bad
NHÆ¯ Lá»’N,Bad
Tao Ä‘ang xem cÃ¡i gÃ¬ váº­y..,Bad
nháº¡c hay nhÆ°ng vÅ© Ä‘áº¡o quÃ¡ lá»‘ =)),Bad
Bá»‘ con dáº¡i,Bad
3:11 lá»—i kÃ¬a,Bad
"Y nhÆ° nhá»¯ng vong há»“n quá»· dá»¯ Ä‘ang phÃª thuá»‘c, tháº£m báº¡i.",Bad
Skin giá»‘ng ma bÃºp bÃª tháº­t nhÃ¬n cx hay hay nhÆ°ng mÃ  cÃ³ cÃ¡i cáº£nh láº­p Ä‘i láº­p láº¡i chÃ¡n,Bad
Chipu Ä‘Ã£ chá»Ÿ láº¡i vÃ  Äƒn háº¡i hÆ¡n xÆ°a trÃ´ng nhÆ° con Ä‘iÃªn Ã½  thá» luÃ´n vÅ© Ä‘áº¡o thÃ¬ xáº¥u xÆ°a nay lÃ  fan bÃ¢y giá» lÃ  anti fan cá»§a chipu,Bad
KhÃ´ng báº¯t tai láº¯m.,Bad
HÃ¡t nhÆ° con cáº·c,Bad
"Xem máº¥y mv trÆ°á»›c cá»§a Chipu tháº¥y cÅ©ng hay nhÆ°ng mv nÃ y mÃ¬nh KhÃ´ng thá»ƒ xem háº¿t, mÃ¬nh nÃ³i tháº­t Ä‘iá»‡u nháº£y gi cáº£m tháº¥y ghÃª ghÃª cá»™ng thÃªm tÃ´ng Ä‘á» Ä‘en nhÃ¬n máº¥y vÅ© cÃ´ng nhÆ° máº¥y con quá»· Ä‘ang nháº£y mÃºa cá»© sá»£ sá»£ sao !??? KhÃ´ng biáº¿t cÃ³ ai cáº£m nháº­n nhÆ° mÃ¬nh ko ğŸ˜¨ğŸ˜¨",Bad
nhÃ¬n tá»Ÿm vÃ£i,Bad
*-Cáº¡n lá»i-*,Bad
T cháº£ hiá»ƒu chÃºng nÃ³ Ä‘ang nháº£y cÃ¡i j ná»¯a,Bad
Kinh vÃ£i ğŸ˜°ğŸ˜°ğŸ˜°,Bad
Äm dá»Ÿ vÃ£i,Bad
nhÆ° Ä‘áº¥m vÃ o tai,Bad
dá»‹ v,Bad
VÅ© Ä‘iá»‡u con loÄƒng quÄƒng,Bad
dislike :))),Bad
Dá»Ÿ,Bad
Riáº¿t mÃ¬nh tháº¥t nháº¡c viá»‡t nÃ³ cá»© loáº¡n loáº¡n.,Bad
NhÃ¬n gá»›m gá»›m sao Ã¡,Bad
nhÆ° Ä‘iÃªn,Bad
bá»‹ Ã¡m áº£nh bá»Ÿi bÃ i nÃ y,Bad
NhÆ° máº¥y con zoombie,Bad
nhÃ¬n nháº£y nhÆ° máº¥y con Ä‘iÃªn Ã¡,Bad
NhaÌ‰y NhÆ° con Ä‘iÃªn,Bad
"chipu Ã² Ã³ o.....
hÃ¡t pha tiáº¿ng anh vÃ o dÃ¢n viá»‡t ráº¥t lÃ  ghÃ©t ko biáº¿t Ä‘iá»u Ä‘Ã³ Ã  :V>.",Bad
hÃ¡t hay nhÆ°ng mÃ  nháº£y thÃ¬ nhÆ° diÃªn,Bad
*Tháº£m hoáº¡ thá»i trang*,Bad
MV tÃªÌ£,Bad
nhaÌ£t khÃ´ng coÌ j Ä‘ÄƒÌ£c sÄƒÌc,Bad
trang phá»¥c hÆ¡i quÃª,Bad
@@ Ä‘au bá»¥ng,Bad
Tháº¥y mÃ  á»›n,Bad
Trang phá»¥c dá»‹ quÃ¡ nÃªn...,Bad
bÃ i hÃ¡t giá»ng hÃ¡t thÃ¬ nghe cÅ©ng Ä‘Æ°á»£c nhÆ°ng Mv nhÃ¬n tháº¥y gá»›m quÃ¡ :v,Bad
nhÆ° má»™t con Ä‘iÃªn,Bad
ğŸ–“nháº¡c ko hay cho láº¯mğŸ˜‘,Bad
"nhÃ¬n máº·t vÅ© cÃ´ng sá»£ quÃ¡, máº¥t ngá»§ vl",Bad
láº¡i xuá»‘ng trÃ¬nh r :)0,Bad
dáº¡o nÃ y ca sÄ© viá»‡t ra toÃ n mv khÃ´ng Ä‘Ã¢u vÃ o Ä‘Ã¢u.,Bad
"MV nÃ y t khÃ´ng cÃ²n Dislike Pu ná»­a :D.. Dáº¡o nÃ y cÅ©ng hay nghe láº¡i máº¥y bÃ i hÃ¡t trÆ°á»›c, mÃ  Dislike thÃ¬ váº«n Ä‘á»ƒ nhÃ© :))))",Bad
Ma háº£ má»i ngÆ°á»i,Bad
ÄuÌ€a ... caÌi giÌ€ thÃªÌ naÌ€y ...,Bad
Táº¥t cáº£ Ä‘á»u á»•n. Trá»« trang phá»¥c =))),Bad
ko hay,Bad
Ui máº¹ Æ¡i khiáº¿p hÆ¡n anabella ná»¯a,Bad
TÃ´i Ä‘ang coi cÃ¡i j Ä‘Ã¢y Ã´i máº¯t tÃ´i ğŸ˜£,Bad
NhÃ¬n dá»‹ vÃ£i ra,Bad
ÄÃ¡ng sá»£ vl,Bad
coi mv nÃ y xong tá»‘i ngá»§ k dÃ¡m Ä‘i Ä‘Ã¡i,Bad
Vcl nhÆ° máº¥y Ä‘á»©a vá»«a trá»‘n tráº¡i áº¥y,Bad
Coi xong Ã¡m áº£nh ko máº¥y cháº¿?,Bad
Tao nÃ³i thiá»‡t.. Chi Pu mÃ  ra máº¥y cÃ¡i MV nhÆ° v fan trung thÃ nh nháº¥t cÅ©ng bá» mÃ  cháº¡y.. GÃ¬ cÅ©ng vá»«a vá»«a thÃ´i.. NhÃ¬n lá»‘ vl. Ná»•i tiáº¿ng thÃ¬ ná»•i báº±ng thá»±c lá»±c Ã­. Ná»•i báº±ng máº¥y trÃ² lá»‘ lÄƒng. ChÆ°a ká»ƒ máº¥y fan nÆ°á»›c ngoÃ i nhÃ¬n vÃ´ tÆ°á»Ÿng Viá»‡t Nam mÃ¬nh toÃ n máº¥y Ä‘á»©a dá»Ÿ hÆ¡i. Chi Pu Ä‘Ã£ Ä‘áº¡i diá»‡n Vietnam mÃ¬nh ra nÆ°á»›c ngoÃ i nháº­n giáº£i rá»“i. Ãt nhiá»u gÃ¬ cÅ©ng biáº¿t máº·t Chi Pu. Giá» ra máº¥y MV lá»‘ bá»‹ch tÃ o lao nhÆ° váº­y. Trong nÆ°á»›c thÃ¬ khÃ´ng sao lo lÃ  lo ngÆ°á»i ngoÃ i nhÃ¬n vÃ´ thÃ´i. ChiPu Ä‘Ã³ giá» sao thÃ¬ giá» váº«n váº­y Ä‘i. Sao mÃ  cÃ ng ngÃ y cÃ ng giá»‘ng bá»‹ gÃ¬ áº¥y ?ğŸ˜ƒ? NgÆ°á»i ta nÃ³i Ä‘Ã¢u cÃ³ gÃ¬ sai. Máº¥y fan cá»§a ChiPu cá»© binh binh. NgÃ y xÆ°a t cÅ©ng thÃ­ch ChiPu láº¯m mÃ  giá» cháº£ Æ° a ná»•i luÃ´n Ã¡ tr. Muá»‘n Ä‘u theo á»§ng há»™ láº¯m mÃ  tháº¥y cÃ ng ngÃ y cÃ ng lá»‘ bá»‹ch. NhÆ° máº¥y MV trÆ°á»›c Ä‘i t cÃ²n á»§ng há»™. NhÆ° nÃ y thÃ¬ bÃ³ tay há»i sao fan Chi Pu cÃ ng ngÃ y cÃ ng Ã­t mÃ  tháº¥y toÃ n antifan :)),Bad
vÅ© Ä‘áº¡o kiá»ƒu gÃ¬ váº­y !?!?,Bad
Sao mÃ  á»©c cháº¿ vl,Bad
Nghe nÃ³ muá»‘n ná»• tai,Bad
Mv ráº» tiá»n nháº¥t vpop ?,Bad
Sao tháº¥y nhÆ° Ä‘iÃªn áº¥y :D. Máº¥y bÃ i trÆ°á»›c cá»§a chi pu ko hay nhÆ°ng nÃ³ cÃ²n cÃ³ pháº§n giáº£i trÃ­ nghe xong tháº¥y buá»“n cÆ°á»i. CÃ²n bÃ i nÃ y nghe xong chá»‰ tháº¥y Ä‘iÃªn Ä‘iÃªn :D,Bad
"NhÃ¬n máº·t chá»‹ em Ä‘Ã£ tháº¥y hÃ£i rá»“i, Ä‘Ãªm chá»‹ mÃ  xuáº¥t hiá»‡n xong hÃ©t â€œcome to meâ€ cháº¯c em Ä‘Ã¡i ra mÃ¡u :((",Bad
CÃ¡i quáº§n gÃ¬ váº­y áº¡.,Bad
NhÃ¬n nhÆ° con Ä‘iÃªn,Bad
Giá»‘ng nhÆ° máº¥y con diá»‡n,Bad
SÃºc pháº¡m ngÆ°á»i nghe vl,Bad
Tháº­t lÃ²ng thÃ¬ tháº¥y vÅ© Ä‘áº¡o hÆ¡i kÃ¬ vÃ  trag phá»¥c hÆ¡i láº¡ * giá»‘ng quá»· ğŸ˜‚ğŸ˜…ğŸ˜…,Bad
1:53 giá»‘ng nhÆ° máº¥y con ma cháº¡y vÃ²ng quanh chi pu ak,Bad
Trang phá»¥c dá»‹ vÃ£i,Bad
huá»· nhan sáº¯c háº£ chi pu oi?,Bad
Nháº£y nhÆ° Ä‘iÃªn,Bad
Nháº£y nhÆ° máº¥y con trong tráº¡i vá»«a má»›i ra :),Bad
TrÃ´ng nhÆ° máº¥y con Ä‘á»™ng kinh,Bad
Nghe nhÆ° cá»©t :),Bad
phÃ­ 4 phÃºt cuá»™c Ä‘á»i :),Bad
"nháº£y Ä‘áº¹p thÃ¬ lÃ m dancer Ä‘i , lÃ m ca sÄ© lÃ m gÃ¬ =))",Bad
Chá»c mÃ¹ máº¯t tao Ä‘i,Bad
dcm láº¡i cÃ¡i kiá»ƒu máº·c Ä‘á»“ Ä‘áº¥y,Bad
ChiÌ£ cÄƒÌt toÌc Ä‘i xÃ¢Ìu quaÌ,Bad
"Chá»‹ háº¿t kinh phÃ­ hay sao mÃ  Ä‘áº§u tÆ° quáº£ MV khÃ´ng cÃ²n gÃ¬ Ä‘á»ƒ nÃ³i váº­y. KhÃ´ng cÃ³ cÃ¢u chuyá»‡n, cáº£nh quay thÃ¬ gÃ³i gá»n trong studio, trang phá»¥c cÃ³ 1 bá»™, Ä‘áº¿n Ä‘iá»ƒm máº¡nh nháº¥t cá»§a chá»‹ lÃ  vÅ© Ä‘áº¡o thÃ¬ trong bÃ i nÃ y chá»‰ tháº¥y nhÆ° máº¥y con cÃ o cÃ o Ä‘áº¡p nÆ°á»›c... thá»±c sá»± cÃ²n khÃ´ng báº±ng máº¥y báº£n dance ver cá»§a chá»‹ trÆ°á»›c Ä‘Ã¢y. á»ª thÃ¬ trÆ°á»›c giá»ng chá»‹ khÃ´ng hay thÃ¬ ngÆ°á»i ta xem MV cÅ©ng tháº¥y Ä‘Ã£ máº¯t. Giá» cÃ¡i giá»ng váº«n chá»‰nh nÃ¡t tÆ¡i bá»i, MV thÃ¬ ná»­a mÃ¹a cháº£ cÃ³ 1 Ä‘iá»ƒm háº¥p dáº«n. Mong chá»‹ rÃºt kinh nghiá»‡m cho MV sau Ä‘áº§u tÆ° hÆ¡n chá»© ko pháº£i comeback cho cÃ³ cÃ¡i kiá»ƒu nÃ y.",Bad
"láº§n Ä‘áº§u nghe khÃ´ng tháº¥m,
sau 10 láº§n ... Ã  mÃ  thÃ´i khá»i nghe ná»¯a =))",Bad
Ngá»“i xem mÃ  sá»£,Bad
Báº¯t chÆ°á»›c Lady Gaga Ã  chá»‹ Æ¡i. ChÆ°a Ä‘á»§ dá»‹.,Bad
mv xáº¥u vl,Bad
Theo mÃ¬nh tháº¥y bÃ i nÃ y khÃ´ng báº±ng máº¥y bÃ i trÆ°á»›c,Bad
MV ghÃª quÃ¡.kkk !!!,Bad
nhin nhÆ° cÃ´ há»“n chá»‹ Æ¡i,Bad
nhÆ° con Ä‘iÃªn,Bad
Nháº£y con máº¹ gÃ¬ buá»“n cÆ°á»i vl..,Bad
"TÆ°á»Ÿng cÃ³ gÃ¬ Ä‘á»™t phÃ¡, mv nÃ y cÃ²n thua cáº£ máº¥y mv trÆ°á»›c, dá»Ÿ thá»±c sá»± áº¥y! ğŸ˜‘",Bad
thá»i trang gÃ¬ dá»‹ vllll,Bad
"HÃ´m nay lÆ°á»›t máº¡ng lÃ  tá»›i Ä‘Ã¢y lÃ  quÃ¡ Ä‘á»§

",Bad
MÃ y hÃ¡t cÃ¡i gÃ¬ tháº¿,Bad
nháº¡c gÃ¬ váº­y,Bad
"Hic, tau khÃ´ng cáº£m ná»•i cÃ¡i bÃ i nÃ y",Bad
chia buá»“n,Bad
em Ä‘Ã£ khÃ³c ráº¥t to huhu,Bad
"háº¿t duyÃªn
",Bad
"Táº¡m biá»‡t Ngá»t, khÃ³c xong rá»“i thÃ¬ thÃ´i cáº¥t gá»n poster band vÃ o gÃ³c, mÃ¬nh táº¡m thá»i khÃ´ng nhÃ¬n nhau band nhÃ©. Má»—i láº§n nhÃ¬n tháº¥y band mÃ¬nh sá»£ láº¡i lÃ m tim mÃ¬nh Ä‘au hÆ¡n. MÃ¬nh khÃ´ng biáº¿t mÃ¬nh cÃ³ vÆ°á»£t qua cÃº sá»‘c nÃ y khÃ´ng ná»¯a. á»¦ng há»™ Ngá»t máº¥y nÄƒm nay, Ä‘á»ƒ rá»“i nháº­n trÃ¡i Ä‘áº¯ng nhÆ° váº­y. MÃ¬nh chÆ°a Ä‘á»§ chÃ­n cháº¯n Ä‘á»ƒ cháº¥p nháº­n sá»± tháº­t nÃ y, cháº¯c lÃ  váº­y, nÃªn mÃ¬nh Ä‘Ã nh Ã­ch ká»· váº­y thÃ´i. MÃ¬nh cáº£m tháº¥y nhÆ° bá»‹ lá»«a váº­y, cÃ´ng sá»©c lo láº¯ng cho Ngá»t thá»«a rá»“i. Ngá»t thá»«a biáº¿t fan girl lÃ  ntn mÃ , váº­y mÃ  band váº«n nhÆ° váº­y.
Táº¡m biá»‡t Ngá»t, cho mÃ¬nh Ã­ch ká»· láº§n nÃ y nhÃ©. Háº¹n gáº·p láº¡i khi mÃ¬nh Ä‘Ã£ máº¡nh máº½ hÆ¡n, mÃ¬nh khÃ´ng quay lÆ°ng Ä‘i nhÆ°ng mÃ¬nh sáº½ dá»«ng láº¡i.",Bad
TRá»œI Æ I KHÃ”NG Äá»ªNG LÃ€M THáº¾,Bad
Nháº¡c genZ Ä‘Ã¢y há»Ÿ? Nghe ngá»™ heng,Bad
Trá»i Ä‘áº¥t Æ¡i khÃ´ng láº½ mÃ¬nh sáº½ cháº³ng bao giá» tÃ¬m Ä‘áº¿n nhau,Bad
Ä‘cm nghÄ© láº¡i váº«n cay,Bad
"Ä‘Ã©o cháº¥p nháº­n Ä‘Æ°á»£c Ngá»t Æ¡i???
Ngá»t Ä‘em láº¡i Ã¢m nháº¡c an á»§i tÃ¢m há»“n, nháº¡c Ngá»t Ä‘á»“ng hÃ nh vá»›i tui trong lÃºc tui hoáº£ng loáº¡n nháº¥t, khÃ´ng chá»‰ riÃªng gÃ¬ cÃ¡ nhÃ¢n tui mÃ  tui nghÄ© cÃ¡c káº¹o cÅ©ng cÃ³ hoÃ n cáº£nh nhÆ° váº­y
giá» Ngá»t Ä‘i dá»©t khoÃ¡c cÃ²n khÃ´ng thÃ¨m cÃ³ tá»« â€œláº§n cuá»‘iâ€ vá»›i tá»¥i tui háº£",Bad
Lo láº¯ng vÃ  há»¥t háº«n lÃ  nhá»¯ng cáº£m xÃºc hiá»‡n táº¡i cá»§a tá»›.,Bad
"Ä‘Ã£ Ä‘á»©t Ä‘Ã´i Ä‘oáº¡n, giá»t lá»‡ láº¡i nhá» Ä‘Ã´i hÃ ng :)))",Bad
thÃ´i vÃ´ trÃ¡ch nhiá»‡m nhÆ° nÃ y thÃ¬ vá»©t moáº¹ Ä‘i,Bad
hi vá»ng cuá»‘i cÃ¹ng cÅ©ng bá»‹ dáº­p táº¯t. ,Bad
"dÃ¹ ráº¥t thÃ­ch nhÃ³m nhÆ°ng Ä‘á»c Ä‘Æ°á»£c tin cáº£m tháº¥y bá»‹ pháº£n bá»™i vÃ£i. Cháº£ nháº½ cÃ¡c a cá»© xin lá»—i lÃ  xong. cháº³ng cÃ³ ná»•i 1 lá»i chÃ o, cá»© thÃ­ch dá»«ng lÃ  dá»«ng...",Bad
vÃ´ trÃ¡ch nhiá»‡m!,Bad
NÃ³i tháº­t mÃ¬nh mua cam tá»« lÃºc cÃ´ng bá»‘ nghá»‡ sÄ© Ä‘áº§u tiÃªn lÃ  ngá»t :)) mÃ¬nh nghe nháº¡c cÃ¡c anh cÅ©ng 7-8 nÄƒm r nhma láº§n nÃ y máº¥y anh lÃ m mÃ¬nh tháº¥t vá»ng thiá»‡t sá»±.,Bad
giá» chá»‰ biáº¿t cáº¥t gá»n poster vÃ o gÃ³c thÃ´i,Bad
Máº¥y Ã´ng nÃ y tráº» con vcÄ‘ Ã½,Bad
LÃ€M Æ N HÃƒY XIN Lá»–I NGÆ¯á»œI HÃ‚M Má»˜,Bad
Tháº­t sá»± lÃ  tÃ¡t tháº³ng vÃ o máº·t nhá»¯ng ngÆ°á»i yÃªu thÆ°Æ¡ng cÃ¡c báº¡n Ä‘Ã³ Ngá»t,Bad
HÃ¡t hay Ä‘á»c thÆ¡ tháº¿?,Bad
Tháº¥y hÆ¡i vÃ´ trÃ¡ch nhiá»‡m nha. Nhiá»u ngÆ°á»i chá»‰ vÃ¬ ngá»t mÃ  mua vÃ© 2 show kia giá» báº£o huá»· lÃ  huá»· sao trá»i. KhÃ´ng cÃ³ lá»i nÃ o Ä‘áº¿n cÃ¡c báº¡n fan luÃ´n.,Bad
K nghe ra chá»¯ gÃ¬ luÃ´n,Bad
Nháº¡c ngang phÃ¨ phÃ¨,Bad
Coi thÆ°á»ng khÃ¡n giáº£ nhÃ³m sáº½ sá»›m giáº£i tÃ¡n mÃ  xem,Bad
Dá»‹ lÃ  hay dá»¯ chÆ°a,Bad
"QUÃ VÃ” Äáº O, Báº¤T LÆ¯Æ NG, Äá»€ NGHá»Š Dá»ªNG NGAY HÃ€NH VI ÄÃ“ Láº I ",Bad
HÃ¡t gÃ¬ z tr,Bad
"Cháº¯c tao giÃ  rá»“i, nÃªn nghe khÃ´ng tháº¥m ná»•i ",Bad
K tháº©m ná»•i nháº¡c,Bad
ai Ä‘ang bá»±c mÃ  gáº·p bÃ  nÃ y cháº¯c cá»c ngang,Bad
tÃ¢n binh khá»§ng hoáº£ng,Bad
Nháº¡c nhÆ° nÃ y mÃ  nhiá»u Ä‘c khen Ä‘c. Nuá»‘t k ná»•i :)),Bad
Ai cÅ©ng khen mÃ  t ko dÃ¡m chÃª luÃ´n Ã¡ cháº¯c do t giÃ  rá»“i nghe ko vÃ o nháº¡c kiá»ƒu nÃ y,Bad
"NhÆ° Ä‘áº¥m vÃ o tai tháº¿ nÃ y mÃ  cÅ©ng Ä‘c Ä‘á»©ng trÃªn 1 sÃ¢n khÃ¢u hÃ¡t cho hÃ ng nghÃ¬n ngÆ°á»i nghe,khá»‘i ng hÃ¡t hay hÆ¡n thÃ¬ láº¡i ko cÃ³ cÆ¡ há»™i tá»a sÃ¡ng",Bad
Tá»©c muá»‘n Ä‘áº­p Ä‘t ,Bad
cá»c ghÃª bÃ¢y,Bad
tÃ¢n binh khá»§ng bá»‘ tinh tháº§n t thÃ¬ cÃ³,Bad
TÃ¢n binh khá»§ng hoáº£ng tÃ¢m lÃ½,Bad
KHÃ”NG!! TÃ´i khÃ´ng cháº¥p nháº­n!!! TÃ´i khÃ´ng Ä‘á»“ng Ã½!!!!,Bad
Ä‘oáº¡n nÃ y báº£ hÃ¡t ko hay láº¯m,Bad
chiá»u Ä‘i lÃ m vá» má»‡t láº¯m rá»“i nghe,Bad
"Táº¡m biá»‡t Ngá»t, khÃ³c xong rá»“i thÃ¬ thÃ´i cáº¥t gá»n poster cÃ¡c anh vÃ o gÃ³c, mÃ¬nh táº¡m thá»i khÃ´ng nhÃ¬n nhau anh nhÃ©. Má»—i láº§n nhÃ¬n tháº¥y anh em sá»£ láº¡i lÃ m tim mÃ¬nh Ä‘au hÆ¡n. Em khÃ´ng biáº¿t em cÃ³ vÆ°á»£t qua cÃº sá»‘c nÃ y khÃ´ng ná»¯a. Chá» anh ná»­a nÄƒm, Ä‘á»ƒ rá»“i nháº­n trÃ¡i Ä‘áº¯ng nhÆ° váº­y. Album Ä‘áº·t rá»“i cÅ©ng khÃ´ng muá»‘n láº¥y vá» ná»¯a. Em chÆ°a Ä‘á»§ chÃ­n cháº¯n Ä‘á»ƒ cháº¥p nháº­n sá»± tháº­t nÃ y, cháº¯c lÃ  váº­y, nÃªn em Ä‘Ã nh Ã­ch ká»· váº­y thÃ´i. ChÆ°a Ä‘Æ°á»£c 20 nÄƒm mÃ , anh cÃ³ cáº§n vá»™i vÃ£ táº¡m dá»«ng váº­y khÃ´ng? Cáº¯t Ä‘á»©t liÃªn láº¡c vá»›i má»i ngÆ°á»i Ä‘á»ƒ khÃ´ng liÃªn lá»¥y tá»›i há» nhÆ°ng váº«n háº¹n hÃ² Ä‘Æ°á»£c áº¡? Em cáº£m tháº¥y nhÆ° bá»‹ lá»«a váº­y, cÃ´ng sá»©c lo láº¯ng cho anh thá»«a rá»“i vÃ¬ anh cháº¯c váº«n luÃ´n háº¡nh phÃºc bÃªn ai kia. Vá»«a showcase gáº·p fan xong Ä‘Ã£ Ä‘i gáº·p báº¡n gÃ¡i luÃ´n, tÃ¬nh yÃªu cá»§a fan vá»›i anh cháº¯c khÃ´ng Ä‘á»§. Anh thá»«a biáº¿t fan girl lÃ  ntn mÃ , váº­y mÃ  anh váº«n nhÆ° váº­y",Bad
giá»¡n máº·t háº£,Bad
KhÃ´ng bá»±c ná»¯a chuyá»ƒn sang quáº¡u,Bad
bá»±c thÃªm :)),Bad
Sao nghe bá»±c mÃ¬nh dá»¯ ta,Bad
nhá»©c Ä‘áº§u láº¯m rá»“i,Bad
CÃ³ thÃ´i Ä‘i chÆ°a,Bad
"ChÃºng tÃ´i xin lá»—i vÃ¬ kháº£ nÄƒng chÃ­nh táº£ cá»§a admin cÃ³ váº» ko cao
",Bad
t Ä‘ang nÄƒng lÆ°á»£ng nghe cÅ©ng quáº¡o ngang ,Bad
"KhÃ´ng biáº¿t cÃ³ mÃ¢u thuáº«n gÃ¬ mÃ  Ä‘áº¿n lá»i táº¡m biá»‡t cuá»‘i cÃ¹ng cho fan cÅ©ng khÃ´ng lÃ m Ä‘Æ°á»£c, nhÆ°ng 10 nÄƒm Ä‘á»“ng hÃ nh cÅ©ng ko pháº£i ngáº¯n, hÃ nh xá»­ nhÆ° tháº¿ nÃ y thá»±c sá»± lÃ  thiáº¿u chuyÃªn nghiá»‡p vÃ  thiáº¿u tÃ´n trá»ng fan quÃ¡.",Bad
Ko pháº£i cá»© bá»“i thÆ°á»ng lÃ  chá»‹u háº¿t Ä‘Æ°á»£c trÃ¡ch nhiá»‡m Ä‘Ã¢u. Máº¥y a Ã­ch ká»· quÃ¡!!!,Bad
dáº¹p,Bad
